sr_no,timestamp,road_type,harsh_event,acc_x,acc_y,acc_z,gyro_x,gyro_y,gyro_z,mag_x,mag_y,mag_z,event_class
1,22-3-2023 19:17:43:965127,paved,sudden-brake,2.9408668166710097,-0.8696566881938503,-1.6152755137643404,-0.015188872758898325,0.047235406322169736,-0.023673092527999116,0.2857143372495475,0.6666671399543679,0.12499970660187786,0
2,22-3-2023 19:17:44:372866,paved,sudden-brake,1.838760684190514,0.11724765917372826,-1.73805905017363,-0.04765453462427231,0.10401604228112749,-0.025418860627202458,0.2857143372495475,0.6666671399543679,0.12499970660187786,0
3,22-3-2023 19:17:44:372866,paved,sudden-brake,2.128854937852692,-0.8085436921919746,-1.061696666299566,-0.04119784569402621,-0.005505810862452262,-0.021518661264047452,0.7142857429164152,0.5000002958048139,0.37500023163009655,0
4,22-3-2023 19:17:44:380884,paved,sudden-brake,1.905902909636743,-1.694940819638017,0.17442856351155456,-0.06891678710712898,-0.00267003033313131,-0.018596778922837627,0.7142857429164152,0.5000002958048139,0.37500023163009655,0
5,22-3-2023 19:17:44:388882,paved,sudden-brake,2.101015320875855,-1.7365361342081937,0.43886033618454906,-0.034427132897623156,-0.03904313359069216,-0.010000961919514802,0.4285715659987933,0.6666671399543679,0.37500023163009655,0
6,22-3-2023 19:17:44:396885,paved,sudden-brake,-0.46755641483286237,-0.7702826448222466,1.64008337245417,0.013463507581027406,0.00032867123458753256,0.00633887988236898,0.4285715659987933,0.6666671399543679,0.37500023163009655,0
7,22-3-2023 19:17:44:396885,paved,sudden-brake,-1.1476883157018536,-1.1885855951467752,0.7886708715020307,-0.04181608613260672,-0.034485758809748336,0.004196958853204577,0.2857143372495475,0.833333155850446,0.37500023163009655,0
8,22-3-2023 19:17:44:404883,paved,sudden-brake,0.17489796898637677,-1.4824415154580906,-0.6866051751237421,-0.10408483566691575,0.047233065785238594,-0.014408046242829563,0.2857143372495475,0.833333155850446,0.37500023163009655,0
9,22-3-2023 19:17:44:404883,paved,sudden-brake,0.08954013212796384,-1.5539140386164487,0.7724729508726282,-0.0386381613060527,-0.11533574684418796,-0.009659831474379136,0.4285715659987933,0.6666671399543679,0.37500023163009655,0
10,22-3-2023 19:17:44:412879,paved,sudden-brake,1.8841812723133984,-2.7066449594817366,-3.2849501904676037,-0.03589758453672438,-0.004256807206749827,0.0025569877544574723,0.4285715659987933,0.6666671399543679,0.37500023163009655,0
11,22-3-2023 19:17:44:428878,paved,sudden-brake,0.9264796655763111,-1.2370677592985642,-2.2403509236708037,-0.12430826151711831,0.01593850251612353,0.006649478359989481,0.2857143372495475,0.33333333333333304,0.4999999382319744,0
12,22-3-2023 19:17:44:473779,paved,sudden-brake,1.8288590685958104,0.17956019217809516,-3.1831598406625754,-0.0989772242098732,0.06769019305455494,-0.016774549501825373,0.2857143372495475,0.33333333333333304,0.4999999382319744,0
13,22-3-2023 19:17:44:519966,paved,sudden-brake,1.4643432902728997,-1.4875122017866458,-4.414928386270868,-0.13572549807165882,0.07347051895200693,-0.019307878938992346,0.14285710850030167,0.833333155850446,0.37500023163009655,0
14,22-3-2023 19:17:44:567960,paved,sudden-brake,1.1684158955825317,-0.7775462950809882,-3.221165065833409,-0.13565572178937516,0.09870113074165972,-0.015020628533230622,0.14285710850030167,0.833333155850446,0.37500023163009655,0
15,22-3-2023 19:17:44:607952,paved,sudden-brake,-0.6091282129983053,-1.3823941480683488,-1.4384904777234844,-0.1176526495197566,0.07142471826423628,-0.008447899179928681,0.14285710850030167,0.833333155850446,0.4999999382319744,0
16,22-3-2023 19:17:44:656002,paved,sudden-brake,-2.4814760220334406,-1.0587261776711365,0.6365778092247074,-0.0625870435885218,0.0015301584852917827,0.014651882786344005,0.14285710850030167,0.833333155850446,0.4999999382319744,0
17,22-3-2023 19:17:44:695944,paved,sudden-brake,-1.2747420886938252,-0.8861164922553293,1.1272635894497027,-0.034794136700365054,-0.008143877495909634,0.018316840626260426,0.5714285943331321,0.6666671399543679,0.4999999382319744,0
18,22-3-2023 19:17:44:748153,paved,sudden-brake,-0.17680222554831904,0.09373696309203383,0.32976630141999075,-0.07517219731671976,0.027508286397121377,0.0005943828106802114,0.5714285943331321,0.6666671399543679,0.4999999382319744,0
19,22-3-2023 19:17:44:788027,paved,sudden-brake,0.29063849665478253,0.23427531040882396,1.052904188255984,-0.07810532203930814,0.009985252635203667,-0.025355296231168813,0.14285710850030167,0.5000002958048139,0.2499999073479612,0
20,22-3-2023 19:17:44:836012,paved,sudden-brake,0.5657839397608906,-0.42099975123024824,-0.7840905733452395,-0.0801711771042091,0.03705561676682389,-0.00836803845599543,0.14285710850030167,0.5000002958048139,0.2499999073479612,0
21,22-3-2023 19:17:44:876007,paved,sudden-brake,2.684088988821483,-0.14339539861266415,-2.873284831730567,-0.06326412794256371,0.054320073802752764,-0.024461297834802692,0.5714285943331321,0.6666671399543679,0.2499999073479612,0
22,22-3-2023 19:17:44:924022,paved,sudden-brake,2.0790670833863714,-1.5182681247919643,-2.657696830616416,-0.04229183910840431,0.01906363663643238,-0.0015155334901206172,0.5714285943331321,0.6666671399543679,0.2499999073479612,0
23,22-3-2023 19:17:44:972003,paved,sudden-brake,-0.8750191777356102,-0.9559176763188934,1.3318773880965789,-0.01678127712733296,0.0739304073953932,0.003514305340634157,0.0,0.5000002958048139,0.4999999382319744,0
24,22-3-2023 19:17:45:11986,paved,sudden-brake,-1.3073087541297845,-0.4304795209789336,2.1463238139946434,0.0037523214444103205,-0.024002239411523713,-0.022960681484890333,0.0,0.5000002958048139,0.4999999382319744,0
25,22-3-2023 19:17:45:59987,paved,sudden-brake,-0.5504406699915795,-1.184466010053586,-0.4537699068352645,-0.05680569937107455,-0.09643278863588578,-0.03483999863616621,0.5714285943331321,0.5000002958048139,0.2499999073479612,0
26,22-3-2023 19:17:45:108034,paved,sudden-brake,-0.534232575214203,-0.9079246267000638,0.602313373642287,-0.0709684620739223,-0.06215278261192328,-0.014025130988869042,0.5714285943331321,0.5000002958048139,0.2499999073479612,0
27,22-3-2023 19:17:45:155982,paved,sudden-brake,-0.5855287474474951,-0.46531983588628273,0.6271134169567805,-0.06936944525052446,0.024236812428427942,-0.00545836219551111,0.5714285943331321,0.6666671399543679,0.4999999382319744,0
28,22-3-2023 19:17:45:196023,paved,sudden-brake,0.9264891439021106,-0.8548581371206085,-0.40493895960479676,-0.05376884692857322,-0.08912253537292296,0.01972720460765156,0.5714285943331321,0.6666671399543679,0.4999999382319744,0
29,22-3-2023 19:17:45:243961,paved,sudden-brake,0.49717330213741096,-1.5560683372151094,1.7389276024543185,-0.04604733192385146,-0.08337273063466366,-0.004954843484132224,0.4285715659987933,0.5000002958048139,0.37500023163009655,0
30,22-3-2023 19:17:45:291981,paved,sudden-brake,1.1160100045330732,-3.1881153135536895,-0.6628990746230559,-0.09122206559815868,-0.09760634740222701,-0.002773708947366498,0.4285715659987933,0.5000002958048139,0.37500023163009655,0
31,22-3-2023 19:17:45:331959,paved,sudden-brake,0.24858257942571216,-2.210723329591942,0.22595617172049065,-0.048645394531525075,-0.08896977442341081,-0.0025743989683259198,0.4285715659987933,0.6666671399543679,0.12499970660187786,0
32,22-3-2023 19:17:45:379960,paved,sudden-brake,-0.31218008074702064,-0.1225015674478045,-1.6129104763419955,-0.08366307499680373,-0.10303883356044466,-0.0014449436559169934,0.4285715659987933,0.6666671399543679,0.12499970660187786,0
33,22-3-2023 19:17:45:427944,paved,sudden-brake,0.2241322226906819,-0.594094736970482,-1.1063376733264652,-0.0919753156178573,-0.06830527741731973,0.01770669297985073,0.5714285943331321,0.33333333333333304,0.4999999382319744,0
34,22-3-2023 19:17:45:507927,paved,sudden-brake,-0.145081382511615,-1.1994599366517802,0.29452105533257833,-0.030412502095366223,-0.07422397674007726,0.006765458419491829,0.5714285943331321,0.33333333333333304,0.4999999382319744,0
35,22-3-2023 19:17:45:523923,paved,sudden-brake,2.0609860452993396,-1.1693702689112997,-1.7908155564509245,-0.030072700372240118,-0.06474615267898107,-0.02435074738227867,0.4285715659987933,0.5000002958048139,0.2499999073479612,0
36,22-3-2023 19:17:45:555919,paved,sudden-brake,1.0453096081331925,-1.4847676039625373,-1.063981412017239,-0.12606730878348907,-0.10338535634311,-0.021845816020002518,0.4285715659987933,0.5000002958048139,0.2499999073479612,0
37,22-3-2023 19:17:45:603915,paved,sudden-brake,1.215351793374964,-1.341583241493197,0.7075217747768772,-0.09423557100293946,0.051855668897151985,-0.028267957079043386,0.5714285943331321,0.6666671399543679,0.4999999382319744,0
38,22-3-2023 19:17:45:651924,paved,sudden-brake,1.706707548039813,-1.2327121683731972,-1.9002692919766115,-0.11694762539845271,-0.04771212599109294,-0.021032657511110223,0.5714285943331321,0.6666671399543679,0.4999999382319744,0
39,22-3-2023 19:17:45:691909,paved,sudden-brake,-0.09947207702692307,0.19280818419475243,-1.0711225082851734,-0.10849537508758914,0.0012908813352047813,0.004945799716079884,0.7142857429164152,0.833333155850446,0.12499970660187786,0
40,22-3-2023 19:17:45:739944,paved,sudden-brake,-0.36979239179187,1.4465242173470283,-2.1789970323606873,-0.08046338667679366,-0.033299422164931675,0.00957507987230012,0.7142857429164152,0.833333155850446,0.12499970660187786,0
41,22-3-2023 19:17:45:787937,paved,sudden-brake,0.44664024520783957,1.7726520180911853,-4.712156276297562,-0.12974749474140265,0.07648007599321863,-0.003928037332994837,0.4285715659987933,0.5000002958048139,0.37500023163009655,0
42,22-3-2023 19:17:45:835931,paved,sudden-brake,-0.9813476838814841,2.919739221889192,-1.0740132338492878,-0.10088588737669764,-0.0034365237179109637,-0.010576800231529602,0.4285715659987933,0.5000002958048139,0.37500023163009655,0
43,22-3-2023 19:17:45:875880,paved,sudden-brake,-1.6342800541096365,1.635480323033597,-1.8502745279617652,-0.07831179233125117,0.004295539120565881,0.011105110828813158,0.5714285943331321,0.33333333333333304,0.2499999073479612,0
44,22-3-2023 19:17:45:923873,paved,sudden-brake,-2.728633008368583,1.0966080781441623,-0.9807187460310489,-0.07281086107847273,0.0010270545497215694,0.020316780232214723,0.5714285943331321,0.33333333333333304,0.2499999073479612,0
45,22-3-2023 19:17:45:971873,paved,sudden-brake,-2.3285210142229733,1.0415949270577611,0.23120125714702566,-0.13069190248897192,-0.020629756854530945,0.01100476649650298,0.5714285943331321,0.33333333333333304,0.37500023163009655,0
46,22-3-2023 19:17:46:11911,paved,sudden-brake,-4.1776339851671835,-1.5535181465648855,2.447783481098571,-0.14806429991137438,0.027291735615565797,-0.007876757545560387,0.5714285943331321,0.33333333333333304,0.37500023163009655,0
47,22-3-2023 19:17:46:59898,paved,sudden-brake,-2.423037405002883,-0.6093219342454578,-0.5199148806213421,-0.10368364636413344,-0.005460103012067251,0.009175978163055185,0.5714285943331321,0.6666671399543679,0.12499970660187786,0
48,22-3-2023 19:17:46:107869,paved,sudden-brake,-2.7259162942609825,0.6193043344796451,0.2051181786863271,-0.14982337773264373,0.10116093386198302,0.000365916691050832,0.5714285943331321,0.6666671399543679,0.12499970660187786,0
49,22-3-2023 19:17:46:147850,paved,sudden-brake,-1.8536666261528558,-0.4023281989932971,-0.7967296111481014,-0.14198533047883002,0.06527681375766792,0.00272742890514071,0.4285715659987933,0.6666671399543679,0.12499970660187786,0
50,22-3-2023 19:17:46:195846,paved,sudden-brake,-1.8217960632720633,-1.290653001845691,-1.233845758607688,-0.13007295500739355,0.036626668432497206,0.0074148116794177585,0.4285715659987933,0.6666671399543679,0.12499970660187786,0
51,22-3-2023 19:17:46:243835,paved,sudden-brake,-2.746318423015634,-0.044367944298330686,1.0481395948959207,-0.07507011284006385,-0.09298595213942432,0.024747803815726655,0.2857143372495475,0.5000002958048139,0.37500023163009655,0
52,22-3-2023 19:17:46:283841,paved,sudden-brake,-1.861217662132598,-0.5233985028426662,-0.72189262531074,-0.09224440025653707,-0.06500295386460228,0.020813059608515462,0.2857143372495475,0.5000002958048139,0.37500023163009655,0
53,22-3-2023 19:17:46:331831,paved,sudden-brake,-0.4918571172248505,0.44658411378961116,-1.128422134674422,-0.07355090137889893,0.07695998953056227,0.001076135500995442,0.5714285943331321,0.6666671399543679,0.0,0
54,22-3-2023 19:17:46:371827,paved,sudden-brake,1.1048764189515459,1.294959215752982,1.0387322552432596,-0.040023996240131136,0.03022225077199389,-0.017401306774263284,0.5714285943331321,0.6666671399543679,0.0,0
55,22-3-2023 19:17:46:427809,paved,sudden-brake,0.9723794203538094,2.6175223077374037,0.4332454103010621,-0.03413672209467083,-0.03422185841556327,-0.008183374553924583,0.5714285943331321,0.33333333333333304,0.6250001389780577,0
56,22-3-2023 19:17:46:467854,paved,sudden-brake,1.8507461151026638,-0.8314625326244198,-1.2925440458591628,-0.07511481407418195,-0.08783599435562628,0.013855364748917992,0.5714285943331321,0.33333333333333304,0.6250001389780577,0
57,22-3-2023 19:17:46:515846,paved,sudden-brake,0.8255630869085371,-0.5336937835787465,-1.2218478080398278,-0.06840460781740107,-0.019485187427154174,0.02460304249247104,0.5714285943331321,0.6666671399543679,0.12499970660187786,0
58,22-3-2023 19:17:46:563796,paved,sudden-brake,-0.23381934563731765,-1.5161619611330899,-0.6136322151802953,-0.1006232593618826,-0.024807744018294643,0.005710694721440746,0.5714285943331321,0.6666671399543679,0.12499970660187786,0
59,22-3-2023 19:17:46:603788,paved,sudden-brake,-1.2758367046172754,-0.7889695452366547,1.2918038297853118,-0.07389797095955375,-0.14509405740504402,0.0034551777948281016,0.5714285943331321,0.5000002958048139,0.37500023163009655,0
60,22-3-2023 19:17:46:651787,paved,sudden-brake,-1.2013785350849395,0.914902998033801,3.183864861921802,-0.08267113538128006,-0.08951713541627804,-0.006686370007998823,0.5714285943331321,0.5000002958048139,0.37500023163009655,0
61,22-3-2023 19:17:46:691835,paved,sudden-brake,-1.2755858555257318,-0.22007991285913686,2.7207741816570032,-0.10666673006738325,-0.011576086422249318,-0.0038850943524584396,0.2857143372495475,0.166666489183779,0.2499999073479612,0
62,22-3-2023 19:17:46:739828,paved,sudden-brake,-1.2572247059790425,-0.4495326058795169,2.9119837530100185,-0.08206886409893799,0.011284067327846068,0.007148178750346436,0.2857143372495475,0.166666489183779,0.2499999073479612,0
63,22-3-2023 19:17:46:787775,paved,sudden-brake,-1.783199587034172,-3.025165244379068,3.330211178823818,-0.12564323726097035,0.02899630953028833,-0.0024387498676476903,0.2857143372495475,0.833333155850446,0.12499970660187786,0
64,22-3-2023 19:17:46:827766,paved,sudden-brake,-1.357214440754746,-3.065558553780134,2.0927038847105797,-0.1245117135663403,0.14461105499636873,-0.0006912652641790681,0.2857143372495475,0.833333155850446,0.12499970660187786,0
65,22-3-2023 19:17:46:875762,paved,sudden-brake,-1.928508511483225,-3.136255712744737,2.1186808836395326,-0.08037939426730549,0.22414933591395583,-0.007898486476705574,0.7142857429164152,0.33333333333333304,0.6250001389780577,0
66,22-3-2023 19:17:46:915755,paved,sudden-brake,-0.6991121435590275,-1.78423748452732,0.9179745420942076,-0.0448406289399727,0.05813609305451187,0.013241896348218964,0.7142857429164152,0.33333333333333304,0.6250001389780577,0
67,22-3-2023 19:17:46:971738,paved,sudden-brake,-0.8804567259764933,-3.1926656638127984,-0.2954940390392311,-0.08077208067379325,-0.1252814727441141,0.030241661279554907,0.4285715659987933,1.0,0.2499999073479612,0
68,22-3-2023 19:17:47:11749,paved,sudden-brake,-1.2580763813357998,-1.4097813064824392,-2.0238338939546408,-0.06883390361557679,0.04584020822461854,0.028852676934880354,0.4285715659987933,1.0,0.2499999073479612,0
69,22-3-2023 19:17:47:59731,paved,sudden-brake,-1.1146997566801253,0.05190506366142533,-0.16432768665080166,-0.05392688855145988,0.004737069647179508,0.028564276666683864,0.4285715659987933,0.5000002958048139,0.37500023163009655,0
70,22-3-2023 19:17:47:99724,paved,sudden-brake,0.22066929867594598,2.291316980803227,3.67964168737144,-0.02207465255386895,-0.00882373067025858,0.002964464405437843,0.4285715659987933,0.5000002958048139,0.37500023163009655,0
71,22-3-2023 19:17:47:147719,paved,sudden-brake,0.25713725021606204,4.497078746888745,3.206299011409704,-0.017984940948940566,0.11714070978757912,-0.018540330194477095,0.14285710850030167,0.5000002958048139,0.37500023163009655,0
72,22-3-2023 19:17:47:195711,paved,sudden-brake,1.2371355371665234,2.3963898965531434,0.2654600757075132,-0.06512538303336289,0.0736567271099989,-0.013700819925339468,0.14285710850030167,0.5000002958048139,0.37500023163009655,0
73,22-3-2023 19:17:47:235709,paved,sudden-brake,1.123916051094916,0.9521474478425735,0.32350637271358745,-0.10050980869863403,0.03620027715291458,0.0031517887223198385,0.5714285943331321,0.6666671399543679,0.4999999382319744,0
74,22-3-2023 19:17:47:283710,paved,sudden-brake,1.6480850723012264,0.8870569712237094,-1.004639993909052,-0.13418878986550195,0.031833054242191704,-0.022196324599267712,0.5714285943331321,0.6666671399543679,0.4999999382319744,0
75,22-3-2023 19:17:47:331693,paved,sudden-brake,0.259280528633802,1.3698089833256049,-0.9778263608879904,-0.12647315374009188,0.13489198958214058,-0.006070238207465592,0.4285715659987933,0.6666671399543679,0.12499970660187786,0
76,22-3-2023 19:17:47:371688,paved,sudden-brake,0.7562264237876763,1.1646607166018437,-1.3605314326854805,-0.10129277604330822,0.10439911122765258,-0.013242896800730528,0.4285715659987933,0.6666671399543679,0.12499970660187786,0
77,22-3-2023 19:17:47:419681,paved,sudden-brake,0.808557888710126,-1.4264704523950864,-2.3147425777558572,-0.117004225685899,0.11618820914807733,-0.018656161277117982,0.4285715659987933,0.33333333333333304,0.4999999382319744,0
78,22-3-2023 19:17:47:467675,paved,sudden-brake,-0.6280737359567713,-0.6763772120885081,-2.001562640265533,-0.1572634444612744,0.022673735899046074,0.001668700850228421,0.4285715659987933,0.33333333333333304,0.4999999382319744,0
79,22-3-2023 19:17:47:507674,paved,sudden-brake,-0.8480537864292681,1.20774958125227,-1.8515630496356403,-0.1260995356591493,-0.010023461594151573,-0.007639270024878337,0.2857143372495475,0.5000002958048139,0.4999999382319744,0
80,22-3-2023 19:17:47:555665,paved,sudden-brake,-1.4011336978328308,1.5888143889162731,-2.7312657006234673,-0.10945968021760467,-0.0611899079215128,0.0016398188399771394,0.2857143372495475,0.5000002958048139,0.4999999382319744,0
81,22-3-2023 19:17:47:603663,paved,sudden-brake,-2.4747490916742247,1.884400848883651,0.47010271420777716,0.012372984689636587,-0.1435423054190066,0.015374427500464381,0.5714285943331321,0.5000002958048139,0.37500023163009655,0
82,22-3-2023 19:17:47:648736,paved,sudden-brake,0.28579356711544257,0.5451844196382039,-0.5335484036458198,-0.005378410011207733,-0.0811459977979738,0.012891654251932892,0.5714285943331321,0.5000002958048139,0.37500023163009655,0
83,22-3-2023 19:17:47:696728,paved,sudden-brake,0.3322266642839127,1.3132015176277407,-0.0014569394200357744,-0.026992302975563116,-0.02558793289266388,-0.016099969159922276,0.2857143372495475,0.5000002958048139,0.2499999073479612,0
84,22-3-2023 19:17:47:742078,paved,sudden-brake,-0.4922164478754174,2.429094367933893,0.09448315016660065,-0.10476062837140108,0.05056743667137106,0.0014623062943064646,0.2857143372495475,0.5000002958048139,0.2499999073479612,0
85,22-3-2023 19:17:47:782091,paved,sudden-brake,-0.3642183796646917,0.39002190747694465,3.438127524431261,-0.10473750223284037,0.08161861181442866,-0.01975177301421456,0.5714285943331321,0.5000002958048139,0.37500023163009655,0
86,22-3-2023 19:17:47:830095,paved,sudden-brake,-1.967600765150166,1.0966155998240086,4.392396856288771,-0.03679268186941881,0.006990358140296846,-0.01251260578091053,0.5714285943331321,0.5000002958048139,0.37500023163009655,0
87,22-3-2023 19:17:47:870078,paved,sudden-brake,-1.6684346640657144,-0.5143568666201725,2.9720732565770387,-0.09488933859191445,-0.04027641083290404,-0.016286144752010064,0.7142857429164152,0.6666671399543679,0.37500023163009655,0
88,22-3-2023 19:17:47:918092,paved,sudden-brake,-5.03588307951814,-0.17898299644265875,7.716805279731901,-0.03955975349284169,0.025393582175193864,-0.008871832211897052,0.7142857429164152,0.6666671399543679,0.37500023163009655,0
89,22-3-2023 19:17:47:962582,paved,sudden-brake,-4.5553741962655145,-1.0269879389786423,4.582375049042598,-0.12144433641771733,-0.08591900534064786,-0.0001895500599115585,0.7142857429164152,0.6666671399543679,0.37500023163009655,0
90,22-3-2023 19:17:48:10601,paved,sudden-brake,-4.473684755224672,1.1869510060866617,1.8502960794191456,-0.11041861859264884,0.044650649766986544,-0.010918484239774763,0.7142857429164152,0.6666671399543679,0.37500023163009655,0
91,22-3-2023 19:17:48:58584,paved,sudden-brake,-2.277491810700412,0.5508512363778835,1.795087334954289,-0.03913154109763789,0.0016827603134686384,-0.004417672115008683,0.8571429315826797,0.833333155850446,0.4999999382319744,0
92,22-3-2023 19:17:48:98579,paved,sudden-brake,-0.38080285205244424,0.6992750185344727,0.07981932345458476,-0.033304928062677985,-0.01196406403875904,-0.00330266541588717,0.8571429315826797,0.833333155850446,0.4999999382319744,0
93,22-3-2023 19:17:48:146589,paved,sudden-brake,1.425702679464854,1.8775535148254328,-2.004394197387631,-0.0815644154281585,-0.12662819981518075,-0.010544201135110665,0.2857143372495475,0.33333333333333304,0.37500023163009655,0
94,22-3-2023 19:17:48:186568,paved,sudden-brake,0.9680404194277024,2.072609644905338,-2.4440855306556477,-0.08000242720254602,0.06665400800857743,0.009168211653590455,0.2857143372495475,0.33333333333333304,0.37500023163009655,0
95,22-3-2023 19:17:48:234569,paved,sudden-brake,2.3581805174724964,0.15846358834679375,-3.613983967719218,-0.08239276067625789,0.1855990206072307,0.00638499662351845,0.7142857429164152,0.6666671399543679,0.4999999382319744,0
96,22-3-2023 19:17:48:282572,paved,sudden-brake,2.7272655731352673,-1.908166649766307,-2.8699118188937085,-0.03966959243775425,0.14437032093206598,-0.0016317180774597347,0.7142857429164152,0.6666671399543679,0.4999999382319744,0
97,22-3-2023 19:17:48:330608,paved,sudden-brake,0.16012227178584437,-1.5193581335600745,-2.9942761709739565,-0.07394458166344586,0.12639435048441516,0.014101608023009374,0.2857143372495475,0.5000002958048139,0.4999999382319744,0
98,22-3-2023 19:17:48:376994,paved,sudden-brake,1.2681054811277546,-1.0704658535110272,-4.51019116269004,-0.07819316910756369,0.08068789902392848,0.004495108592167752,0.2857143372495475,0.5000002958048139,0.4999999382319744,0
99,22-3-2023 19:17:48:419591,paved,sudden-brake,-0.9246376458055245,-2.7428365384960607,-2.200893539245642,-0.0924757091753254,0.039932831155146536,0.0011001512662505361,0.14285710850030167,0.5000002958048139,0.4999999382319744,0
100,22-3-2023 19:17:48:467581,paved,sudden-brake,0.647742667604315,-0.2766902764554322,-3.4784619936822594,-0.11978779837852217,-0.1038137728357951,0.00279649571017394,0.14285710850030167,0.5000002958048139,0.4999999382319744,0
101,22-3-2023 19:17:48:507619,paved,sudden-brake,2.369100478814226,0.8424993833898533,-2.625437420192688,-0.0968723380048129,-0.1730614456612641,-0.019127942137718845,0.5714285943331321,0.5000002958048139,0.2499999073479612,0
102,22-3-2023 19:17:48:555563,paved,sudden-brake,1.4027131156833046,1.2619471188446072,-2.155252873959182,-0.07119917885862176,-0.04989542026034882,-0.01673127818008989,0.5714285943331321,0.5000002958048139,0.2499999073479612,0
103,22-3-2023 19:17:48:595572,paved,sudden-brake,2.016814135577644,2.2306968264093032,-5.211874010431847,-0.08431723914662613,-0.036270051760074314,-0.000696994282523327,0.5714285943331321,0.6666671399543679,0.12499970660187786,0
104,22-3-2023 19:17:48:643563,paved,sudden-brake,0.8536633975154659,0.22167067719566536,1.4420807689424597,-0.014760241696299303,-0.07020773582940029,-0.00329586410100844,0.5714285943331321,0.6666671399543679,0.12499970660187786,0
105,22-3-2023 19:17:48:691546,paved,sudden-brake,1.5683144930828083,1.3683921234906924,0.6640859261035188,0.030218838122607818,-0.00787005808112818,-9.25927557612373e-05,0.7142857429164152,0.33333333333333304,0.37500023163009655,0
106,22-3-2023 19:17:48:731597,paved,sudden-brake,0.3267891843821249,0.11149973549621217,-0.4796667435207427,-0.02400891072865729,-0.04870225694731877,-0.001676256614004011,0.7142857429164152,0.33333333333333304,0.37500023163009655,0
107,22-3-2023 19:17:48:779594,paved,sudden-brake,-0.20024981461298874,1.425546561055903,3.6483859231233877,0.00017884551548345493,-0.04178390441397582,0.009305253476197352,0.4285715659987933,0.5000002958048139,0.2499999073479612,0
108,22-3-2023 19:17:48:827589,paved,sudden-brake,-0.8423908587280946,3.12198442226324,-0.06924825245587529,-0.032129675165154636,0.09222627035384771,-0.008800525671792608,0.4285715659987933,0.5000002958048139,0.2499999073479612,0
109,22-3-2023 19:17:48:876618,paved,sudden-brake,-0.5259572441449677,2.9275484386750494,-0.0523795462949362,-0.05090036719443229,0.07049829423087293,-0.026377767327926977,0.5714285943331321,0.5000002958048139,0.6250001389780577,0
110,22-3-2023 19:17:48:915601,paved,sudden-brake,0.7426477031843898,1.9820290462634977,-1.7981517573649552,-0.11470600408806933,-0.010313948279615459,-0.018805432976847964,0.5714285943331321,0.5000002958048139,0.6250001389780577,0
111,22-3-2023 19:17:48:963601,paved,sudden-brake,-1.3447605356627523,3.9507194628630247,1.4950718852877702,-0.03233865307149221,0.00434203298584793,-0.012018699879326295,0.4285715659987933,0.6666671399543679,0.6250001389780577,0
112,22-3-2023 19:17:49:11589,paved,sudden-brake,-0.6815341300972693,2.0295345981666224,0.9643999380987072,-0.05287554241740881,-0.0925728439544722,-0.003369091307028489,0.4285715659987933,0.6666671399543679,0.6250001389780577,0
113,22-3-2023 19:17:49:54674,paved,sudden-brake,-0.843692768922918,0.3344518050533043,-1.3804366379138318,-0.10381733377997596,-0.06597233641705878,-0.011097797434627372,0.4285715659987933,0.6666671399543679,0.4999999382319744,0
114,22-3-2023 19:17:49:94692,paved,sudden-brake,-1.5475638293595768,0.23650363943751904,0.8586320269346526,-0.10838219057976235,0.03906667277589396,-0.017051782563634363,0.4285715659987933,0.6666671399543679,0.4999999382319744,0
115,22-3-2023 19:17:49:142684,paved,sudden-brake,-1.1483292678279104,-0.8232259264060293,0.11590703483682818,-0.09511719539711883,-0.02266262681146041,-0.007534943650832963,0.5714285943331321,0.33333333333333304,0.4999999382319744,0
116,22-3-2023 19:17:49:190676,paved,sudden-brake,-0.6765011657703556,-0.22137200207366292,-0.8167434731290368,-0.09219160488666325,0.04169185608631141,0.002560562631012309,0.5714285943331321,0.33333333333333304,0.4999999382319744,0
117,22-3-2023 19:17:49:234874,paved,sudden-brake,-1.154604254686017,-0.3468588491542847,1.4637716361240682,-0.09306619007991491,0.04935083326051974,-0.013007737175564544,0.5714285943331321,0.833333155850446,0.6250001389780577,0
118,22-3-2023 19:17:49:274845,paved,sudden-brake,-1.5676506964655876,0.35599780720734425,-0.45220221750879674,-0.07556780846387216,0.112023298846517,0.010290775576592543,0.5714285943331321,0.833333155850446,0.6250001389780577,0
119,22-3-2023 19:17:49:322807,paved,sudden-brake,-1.6317995045305522,-0.35346196451321715,-2.2233057239922376,-0.16969036152349365,0.10155930720604942,0.011720035125053797,0.7142857429164152,0.33333333333333304,0.4999999382319744,0
120,22-3-2023 19:17:49:372198,paved,sudden-brake,-1.8493813866823874,-1.6457860072960675,-3.3823933300346027,-0.20565703787588288,0.07982402320161938,-0.0040952982641108415,0.7142857429164152,0.33333333333333304,0.4999999382319744,0
121,22-3-2023 19:17:49:420235,paved,sudden-brake,-2.1363242900658195,-0.1957106814373586,-1.5562150636148435,-0.13737693766713593,0.03425740933740587,-0.013466445846807592,0.4285715659987933,0.5000002958048139,0.2499999073479612,0
122,22-3-2023 19:17:49:460284,paved,sudden-brake,-1.6329763163189694,1.75337047152256,0.3502827540418527,-0.029230887800146557,-0.039427248181417796,-0.0038540691590756952,0.4285715659987933,0.5000002958048139,0.2499999073479612,0
123,22-3-2023 19:17:49:508278,paved,sudden-brake,-1.6074417255956195,1.2858941611917607,0.45793686402187495,-0.0322505428419861,-0.0033765848235747103,-0.016573703385922747,0.5714285943331321,0.5000002958048139,0.4999999382319744,0
124,22-3-2023 19:17:49:551628,paved,sudden-brake,-1.537298308608403,0.8763642497001127,-0.3372080027456593,-0.027778586473558825,-0.027372263093604864,-0.006665890203592697,0.5714285943331321,0.5000002958048139,0.4999999382319744,0
125,22-3-2023 19:17:49:598245,paved,sudden-brake,-0.7461776758617236,-0.07913935651544834,0.7293542938478185,-0.06838873056054015,-0.09743318661286361,-0.0026386519107227564,0.2857143372495475,0.5000002958048139,0.6250001389780577,0
126,22-3-2023 19:17:49:646240,paved,sudden-brake,-0.4890050650269767,-0.45594764595697435,-0.6653959604594261,-0.04927635208103081,-0.025195444687964932,0.008805304240004265,0.2857143372495475,0.5000002958048139,0.6250001389780577,0
127,22-3-2023 19:17:49:687546,paved,sudden-brake,-0.6919195717538023,0.32069395054013927,-1.8999831496486976,-0.12087825888104206,0.012077481863729589,0.0014813272398830884,0.4285715659987933,0.6666671399543679,0.4999999382319744,0
128,22-3-2023 19:17:49:735541,paved,sudden-brake,-0.23453345492247113,-0.796954285305881,-1.439980528133005,-0.06907784600664962,-0.020330569599064423,-8.632313192360086e-05,0.4285715659987933,0.6666671399543679,0.4999999382319744,0
129,22-3-2023 19:17:49:775493,paved,sudden-brake,-1.1051603378504855,0.019689850287234356,-0.0970066465518149,-0.023933504225778716,0.01366577577363215,0.012493919500328887,0.4285715659987933,0.33333333333333304,0.2499999073479612,0
130,22-3-2023 19:17:49:826816,paved,sudden-brake,-0.9585522866736597,0.20759390869780595,-1.255948456915973,-0.04335664601649865,0.031872395247514625,0.014937226294528056,0.4285715659987933,0.33333333333333304,0.2499999073479612,0
131,22-3-2023 19:17:49:866842,paved,sudden-brake,0.5159254582478806,0.7866822893040518,-2.5571231492391355,-0.11862768667109302,-0.018051178003701818,0.013453434536208052,0.7142857429164152,0.833333155850446,0.2499999073479612,0
132,22-3-2023 19:17:49:913891,paved,sudden-brake,-0.0009759104537480079,0.5707278404100926,-1.7264363308488226,-0.14037381509854344,0.007123394242773567,-0.007410933861091965,0.7142857429164152,0.833333155850446,0.2499999073479612,0
133,22-3-2023 19:17:49:961948,paved,sudden-brake,-0.2690591530974862,-1.1096143146278397,1.3194177479418796,-0.11308540204621856,-0.024378772585726214,-0.019890588811953654,0.5714285943331321,0.6666671399543679,0.37500023163009655,0
134,22-3-2023 19:17:50:1908,paved,sudden-brake,-0.5900992234100189,-1.2084800187555191,-0.3475955410017679,-0.10541091053208773,-0.07232726427234598,-0.018049444652157562,0.5714285943331321,0.6666671399543679,0.37500023163009655,0
135,22-3-2023 19:17:50:49897,paved,sudden-brake,-0.16267583385019613,-0.46788901796807014,-1.301074141988921,-0.1075581693709765,0.06858493311679417,-0.012828141508524064,0.14285710850030167,0.33333333333333304,0.37500023163009655,0
136,22-3-2023 19:17:50:97888,paved,sudden-brake,-0.5774001757952067,0.5097038056025976,-0.33399405746403044,-0.10468192684769091,0.005103310906644301,0.0032665675723575205,0.14285710850030167,0.33333333333333304,0.37500023163009655,0
137,22-3-2023 19:17:50:145878,paved,sudden-brake,-0.2848046672343637,-0.38620905311645315,0.7617229639408888,-0.09554793286204162,0.06569729547589875,-0.007458454763700349,0.5714285943331321,0.33333333333333304,0.2499999073479612,0
138,22-3-2023 19:17:50:185888,paved,sudden-brake,-0.9741667611127565,-0.8352867269013156,1.8864928157417635,-0.09614579140618773,-0.015433688745314034,-0.006092218154847263,0.5714285943331321,0.33333333333333304,0.2499999073479612,0
139,22-3-2023 19:17:50:233877,paved,sudden-brake,-0.1294598729869575,-2.074847391775779,1.5339069117100257,-0.07440129994197617,-0.044074422103622196,0.003043858684224021,0.2857143372495475,0.6666671399543679,0.37500023163009655,0
140,22-3-2023 19:17:50:281881,paved,sudden-brake,-1.8868991145369733,1.2823483475425372,2.318041316244395,-0.10653057644554448,0.058018258437885786,-0.0029278530776921897,0.2857143372495475,0.6666671399543679,0.37500023163009655,0
141,22-3-2023 19:17:50:321860,paved,sudden-brake,-2.980104738314295,0.29104281792574593,1.913388335687135,-0.11607576892391945,0.014857540620506857,0.007645736438098612,0.5714285943331321,0.6666671399543679,0.37500023163009655,0
142,22-3-2023 19:17:50:369864,paved,sudden-brake,0.17488015849408134,-0.7193268274495034,-1.183396383890538,-0.12876050094726552,0.03670644950581943,-0.01962821621396665,0.5714285943331321,0.6666671399543679,0.37500023163009655,0
143,22-3-2023 19:17:50:409856,paved,sudden-brake,0.03950327337441667,0.04521197616791839,-1.966717384285713,-0.028281175980773787,-0.021325926578065958,-0.012471215707696024,0.7142857429164152,0.833333155850446,0.4999999382319744,0
144,22-3-2023 19:17:50:457873,paved,sudden-brake,0.5642725141255551,0.37572574541490505,-2.2230612159350085,-0.003740140786760892,-0.007745177975820687,-0.008834122862628881,0.7142857429164152,0.833333155850446,0.4999999382319744,0
145,22-3-2023 19:17:50:505840,paved,sudden-brake,-1.1073163626269031,1.9672214455133379,-0.35591218190612706,-0.035925342624085047,0.009070488603822025,0.0023022460248840106,0.7142857429164152,0.5000002958048139,0.6250001389780577,0
146,22-3-2023 19:17:50:545839,paved,sudden-brake,-1.377012580047524,2.506038315524021,0.8444760709344148,-0.010225567652650529,-0.03881259208981405,0.009397758053585645,0.7142857429164152,0.5000002958048139,0.6250001389780577,0
147,22-3-2023 19:17:50:593821,paved,sudden-brake,-0.939819716231551,0.4496067279479723,0.25614869218667935,-0.11529977983913947,0.07285881269175028,0.007878367045161419,0.7142857429164152,0.833333155850446,0.2499999073479612,0
148,22-3-2023 19:17:50:641812,paved,sudden-brake,-1.2079088689626576,1.2244429163973565,1.1998668758150357,-0.0729978607392365,-0.0014635716235077978,-0.001308349702614087,0.7142857429164152,0.833333155850446,0.2499999073479612,0
149,22-3-2023 19:17:50:690840,paved,sudden-brake,-1.0092529468946412,0.18499007585643046,0.9557339959495696,-0.06645119571394188,0.01816757548798317,-0.0104074732621678,0.5714285943331321,0.5000002958048139,0.2499999073479612,0
150,22-3-2023 19:17:50:730864,paved,sudden-brake,-0.10024526701747671,-0.1730853717089874,-0.4735435970180195,-0.032865032030396826,-0.12530020261749922,-0.005662964535141457,0.5714285943331321,0.5000002958048139,0.2499999073479612,0
151,22-3-2023 19:17:50:778860,paved,sudden-brake,-1.686679517025983,-1.7097672289001236,-0.7103680463168949,-0.06827240379622504,0.006542107578803746,0.019658665233046782,0.7142857429164152,0.166666489183779,0.4999999382319744,0
152,22-3-2023 19:17:50:826846,paved,sudden-brake,-0.5794051623214855,-1.5890569087247708,-0.5870966526288275,-0.08778453656256098,-0.032530134667446794,0.007773797416060987,0.7142857429164152,0.166666489183779,0.4999999382319744,0
153,22-3-2023 19:17:50:866891,paved,sudden-brake,-1.2135269363478693,-2.29841991090139,0.971777175902373,-0.0674915832219588,-0.013440808903588206,0.004500744180724909,0.4285715659987933,1.0,0.37500023163009655,0
154,22-3-2023 19:17:50:914853,paved,sudden-brake,-1.9870941532095485,-1.4240723428374549,1.697616069179666,-0.038762333466297955,-0.008528064339224633,-0.013420488018132625,0.4285715659987933,1.0,0.37500023163009655,0
155,22-3-2023 19:17:50:954833,paved,sudden-brake,-1.4762055460763053,-1.4614460242345457,-0.10465685355735888,-0.0852079908974423,-0.030042736165937785,-0.019601447927991702,0.4285715659987933,0.33333333333333304,0.6250001389780577,0
156,22-3-2023 19:17:51:2826,paved,sudden-brake,-2.0026235515542536,0.105095910575282,0.6303677119683229,-0.09753038475601519,-0.035746841623876036,-0.006971911433542118,0.4285715659987933,0.33333333333333304,0.6250001389780577,0
157,22-3-2023 19:17:51:50826,paved,sudden-brake,-0.8549594258829858,-1.9595660365581165,0.6225584104275603,-0.06347804934901968,-0.026992793344176192,-0.017972595111618563,0.5714285943331321,0.6666671399543679,0.2499999073479612,0
158,22-3-2023 19:17:51:90814,paved,sudden-brake,-1.6018505318996885,-0.8380943929823477,0.1549666268957015,-0.04513269227289078,0.06699255694718136,0.0031372694151570388,0.5714285943331321,0.6666671399543679,0.2499999073479612,0
159,22-3-2023 19:17:51:138807,paved,sudden-brake,-0.3074050102537518,-2.7355968451086916,0.5151882908784963,-0.07465170980040867,0.061554194557935066,-0.008564456940174806,0.4285715659987933,0.5000002958048139,0.7500004632601931,0
160,22-3-2023 19:17:51:186799,paved,sudden-brake,-0.41371056873399426,-3.394321105111281,0.6140589381604007,-0.013097078630057865,-0.11957274787058958,-0.006285157717007585,0.4285715659987933,0.5000002958048139,0.7500004632601931,0
161,22-3-2023 19:17:51:234794,paved,sudden-brake,0.04666303803186456,-2.4737710002472975,0.15162655631688055,-0.03990003884476584,-0.0995395765890692,-0.004990939919391711,0.4285715659987933,0.5000002958048139,0.12499970660187786,0
162,22-3-2023 19:17:51:274787,paved,sudden-brake,-0.45162135396665826,-1.381025652145537,-0.4959668982888678,-0.05656613420655043,-0.05658265982504905,0.015987481577183587,0.4285715659987933,0.5000002958048139,0.12499970660187786,0
163,22-3-2023 19:17:51:322679,paved,sudden-brake,-0.24345091000466398,-3.13475867361699,-2.582636429439434,-0.11392837275346376,-0.03598734366646256,0.01628442158606475,0.7142857429164152,0.5000002958048139,0.37500023163009655,0
164,22-3-2023 19:17:51:420091,paved,sudden-brake,0.6844285921522762,-3.5910874674821938,-3.469691212770682,-0.11314013148796184,-0.049400361522928475,0.0009762351800233719,0.7142857429164152,0.5000002958048139,0.37500023163009655,1
165,22-3-2023 19:17:51:462696,paved,sudden-brake,0.4426612228905399,-2.8894794789626275,-2.239172604004624,-0.10249166991147081,-0.023787333153622452,-0.01460115703263869,0.4285715659987933,0.5000002958048139,0.4999999382319744,1
166,22-3-2023 19:17:51:502691,paved,sudden-brake,0.3261074261360395,-2.802785129895935,-2.5271208778680783,-0.03548597877069733,0.06275437754176914,-0.016454440420721663,0.4285715659987933,0.5000002958048139,0.4999999382319744,1
167,22-3-2023 19:17:51:550687,paved,sudden-brake,1.5731156206141539,-2.450609482154626,-2.716497968864173,-0.08440426296116357,0.024479127343991075,-0.012116275728105511,0.5714285943331321,0.6666671399543679,0.7500004632601931,1
168,22-3-2023 19:17:51:598679,paved,sudden-brake,0.283351241356937,-1.9803076792501078,-1.4658029293072763,-0.050401337704169345,0.008795173675309298,-3.681848644734691e-05,0.5714285943331321,0.6666671399543679,0.7500004632601931,1
169,22-3-2023 19:17:51:638682,paved,sudden-brake,0.08161967761096953,-3.728679248641777,-2.39817579447855,-0.1020845265380303,-0.05169407236237892,-0.0099815252769005,0.2857143372495475,0.5000002958048139,0.4999999382319744,1
170,22-3-2023 19:17:51:686681,paved,sudden-brake,-0.698761439831244,-1.8666172548942874,-0.47558901669341536,-0.08720307087266348,-0.02501207131848459,0.006523086267806531,0.2857143372495475,0.5000002958048139,0.4999999382319744,1
171,22-3-2023 19:17:51:734668,paved,sudden-brake,-0.08355418245057078,-2.6623264346452236,-0.580608058871499,-0.018711993910706742,-0.02908098397981388,-0.006367559345895753,0.4285715659987933,0.5000002958048139,0.6250001389780577,1
172,22-3-2023 19:17:51:774716,paved,sudden-brake,-0.9378722535502443,-1.61207921939825,1.0884992734820989,-0.07091208419656679,0.09899519320384048,-0.0009446813617821903,0.4285715659987933,0.5000002958048139,0.6250001389780577,1
173,22-3-2023 19:17:51:822711,paved,sudden-brake,-1.5302396139298486,-2.1544505391665116,1.7564262237735466,-0.032010567544020034,-0.00590894715122306,-0.003024385080050546,0.4285715659987933,0.6666671399543679,0.12499970660187786,1
174,22-3-2023 19:17:51:870698,paved,sudden-brake,-0.0038738822693744623,-3.5537587010103078,0.5743445104752463,-0.09891549508644995,-0.03240940578505932,-0.014347284488446584,0.4285715659987933,0.6666671399543679,0.12499970660187786,1
175,22-3-2023 19:17:51:918675,paved,sudden-brake,-0.31147146835248213,-2.9242438055929654,1.173020505074303,-0.014697260256216899,0.011183674937887148,-0.006451410496932786,0.7142857429164152,0.33333333333333304,0.6250001389780577,1
176,22-3-2023 19:17:51:958642,paved,sudden-brake,1.653007468698027,-2.1453769801888245,1.166187471208651,-0.0012206154184924087,-0.10896446816465369,0.015498241130597326,0.7142857429164152,0.33333333333333304,0.6250001389780577,1
177,22-3-2023 19:17:52:6629,paved,sudden-brake,2.2169245684391807,-1.7884449429054428,-0.15638331973635755,-0.023286144018386353,-0.19933847645039876,0.015589187389071646,0.4285715659987933,0.166666489183779,0.37500023163009655,1
178,22-3-2023 19:17:52:54633,paved,sudden-brake,0.4161680269744963,-0.611296872069667,0.820306235512415,0.001988345902277762,-0.20056579520549597,0.001982921858748654,0.4285715659987933,0.166666489183779,0.37500023163009655,1
179,22-3-2023 19:17:52:94645,paved,sudden-brake,1.820639893165485,-1.70036941887874,-0.9038486419576662,-0.04169391306444157,-0.018661974429897005,-0.014263928848897243,0.5714285943331321,0.6666671399543679,0.6250001389780577,1
180,22-3-2023 19:17:52:142612,paved,sudden-brake,1.3902879147732978,-1.0896913367343934,0.31073999658152995,-0.10335069668495044,0.11198173123767627,-0.016872817358137622,0.5714285943331321,0.6666671399543679,0.6250001389780577,1
181,22-3-2023 19:17:52:182612,paved,sudden-brake,2.521900906188283,0.34987513343608256,-1.6425353456228526,-0.09421620300306377,-0.0006453737630050388,-0.033509538389714225,0.4285715659987933,0.33333333333333304,0.4999999382319744,1
182,22-3-2023 19:17:52:230613,paved,sudden-brake,1.0017387439943817,0.5637742345458547,-0.4960028870875375,-0.05522763072656692,-0.05346325512377776,-0.013401884328442037,0.4285715659987933,0.33333333333333304,0.4999999382319744,1
183,22-3-2023 19:17:52:278603,paved,sudden-brake,0.8529528791339139,-0.8725626572666072,0.028107831391270932,-0.11173014740462836,-0.12045698480774533,-0.009677230300194404,0.5714285943331321,0.6666671399543679,0.6250001389780577,1
184,22-3-2023 19:17:52:318601,paved,sudden-brake,-0.5016284754528363,-1.498396653783977,0.5065434232607133,-0.12412383994273424,0.012325630748851152,0.007155700898328661,0.5714285943331321,0.6666671399543679,0.6250001389780577,1
185,22-3-2023 19:17:52:366588,paved,sudden-brake,-0.7471223091934804,-1.8540064682193338,1.6385192815803884,-0.09303496926356762,-0.01586723786889574,0.009607133206730756,0.2857143372495475,0.166666489183779,0.37500023163009655,1
186,22-3-2023 19:17:52:414578,paved,sudden-brake,-1.192949275371578,-1.1431506396472257,1.6902174528050296,-0.08904046880533642,-0.02500311990667311,0.017158253326636883,0.2857143372495475,0.166666489183779,0.37500023163009655,1
187,22-3-2023 19:17:52:462571,paved,sudden-brake,-0.7128509176606265,-2.782445969674847,1.6014085905961237,-0.0971466912193883,0.08507550767747502,0.009769804042339549,0.7142857429164152,0.5000002958048139,0.7500004632601931,1
188,22-3-2023 19:17:52:502567,paved,sudden-brake,-0.15841849694498056,-3.600249954720193,1.9671470850383712,-0.12177219474697915,0.019505024475591007,-0.008821799834292328,0.7142857429164152,0.5000002958048139,0.7500004632601931,1
189,22-3-2023 19:17:52:550563,paved,sudden-brake,0.7854072575245477,-4.996401529386899,0.4132823018973768,-0.14908331967551067,-0.0020522000668511987,-0.01009077541334752,0.4285715659987933,0.5000002958048139,0.875000169862071,1
190,22-3-2023 19:17:52:598556,paved,sudden-brake,1.1830250960104616,-4.9893196109640705,0.10929352876320975,-0.14310885708285562,0.004839404405258633,-0.01423527814727134,0.4285715659987933,0.5000002958048139,0.875000169862071,1
191,22-3-2023 19:17:52:638549,paved,sudden-brake,0.11333407899205161,-6.168142753006739,0.5481597984067654,-0.08569469672279992,0.05573025041823166,-0.0009235524779560647,0.5714285943331321,0.5000002958048139,0.6250001389780577,1
192,22-3-2023 19:17:52:686542,paved,sudden-brake,-0.12030547214885479,-4.824841175478957,0.0771941202663795,-0.08456352388789586,0.01832448130008172,0.009911186763005038,0.5714285943331321,0.5000002958048139,0.6250001389780577,1
193,22-3-2023 19:17:52:734538,paved,sudden-brake,-1.174300039684084,-4.417238972486318,1.605067896265348,-0.058581924750143954,0.040008895155085794,0.007342122076982116,0.5714285943331321,0.33333333333333304,0.6250001389780577,1
194,22-3-2023 19:17:52:774580,paved,sudden-brake,-1.4502455030566876,-3.46986873952699,2.4290390939398336,-0.04687168066296649,-0.03555086125617374,0.004001686749046085,0.5714285943331321,0.33333333333333304,0.6250001389780577,1
195,22-3-2023 19:17:52:822545,paved,sudden-brake,-0.6718426764869861,-4.4782708574882815,0.1665401502585948,-0.09635162409152806,0.00881779542224926,-0.013942117657415263,0.5714285943331321,0.5000002958048139,0.6250001389780577,1
196,22-3-2023 19:17:52:862530,paved,sudden-brake,-1.59024725343346,-4.505976615741585,1.6853204243890967,-0.04353059943231954,-0.0503920072695651,0.0025396124151879276,0.5714285943331321,0.5000002958048139,0.6250001389780577,1
197,22-3-2023 19:17:52:910516,paved,sudden-brake,-1.650168176514061,-3.2747993831699516,0.999209141911664,-0.04591173380608471,-0.046975099820169695,0.008592142326985427,0.5714285943331321,0.6666671399543679,0.6250001389780577,1
198,22-3-2023 19:17:52:958554,paved,sudden-brake,-1.282955883636983,-3.9290979547361005,1.7418247938349953,-0.07043010928997709,0.01936679243461204,0.012390594936073451,0.5714285943331321,0.6666671399543679,0.6250001389780577,1
199,22-3-2023 19:17:53:6542,paved,sudden-brake,-1.5920701154739856,-4.741073429314047,1.6792961355586888,-0.09459188880659015,0.02586619830341874,0.007995801488062748,0.4285715659987933,0.33333333333333304,0.4999999382319744,1
200,22-3-2023 19:17:53:46512,paved,sudden-brake,-0.7862696836119182,-4.8673397788124415,0.5356270159661414,-0.09097002014911135,0.005136380456967935,-0.005696658944281934,0.4285715659987933,0.33333333333333304,0.4999999382319744,1
201,22-3-2023 19:17:53:94493,paved,sudden-brake,-0.043053704821756744,-5.73818890863437,-0.45665011607756023,-0.11597438068066551,-0.010445729777540994,-0.010992374513851745,0.5714285943331321,0.5000002958048139,0.6250001389780577,1
202,22-3-2023 19:17:53:142488,paved,sudden-brake,-0.2819088480027778,-7.289032947675457,-1.370807690921886,-0.1425538567276731,-0.02125637277334674,-0.0008999067619000992,0.5714285943331321,0.5000002958048139,0.6250001389780577,1
203,22-3-2023 19:17:53:182497,paved,sudden-brake,-0.3155850046058061,-6.997984578216274,-1.1082835610955781,-0.10589835067708166,0.0031150905165816256,-0.009916863422157019,0.4285715659987933,0.5000002958048139,0.6250001389780577,1
204,22-3-2023 19:17:53:230535,paved,sudden-brake,0.3276405988313089,-7.405150406441198,-1.981383460046397,-0.12674505382796397,0.009617958165954836,-0.01293743772961102,0.4285715659987933,0.5000002958048139,0.6250001389780577,1
205,22-3-2023 19:17:53:278528,paved,sudden-brake,-1.1612754334424742,-5.781980080149086,-1.1427596143473662,-0.06871672346314599,-0.00027694992493131065,0.0014590282686955166,0.5714285943331321,0.833333155850446,0.6250001389780577,1
206,22-3-2023 19:17:53:318470,paved,sudden-brake,0.2919183135685208,-5.471296568881264,-0.3684810287395741,-0.018621177233515446,-0.02744767356837898,-0.004698999565862118,0.5714285943331321,0.833333155850446,0.6250001389780577,1
207,22-3-2023 19:17:53:366466,paved,sudden-brake,0.03138834449146033,-5.162095488948587,-0.9414704035398098,-0.0385540695439574,-0.008371984513403385,-0.012960441134109033,0.8571429315826797,0.166666489183779,0.6250001389780577,1
208,22-3-2023 19:17:53:414452,paved,sudden-brake,0.6085849905173778,-6.026847919121728,-0.33671631481207487,-0.023594370216363826,-0.05908580477003045,-0.020686919587255485,0.8571429315826797,0.166666489183779,0.6250001389780577,1
209,22-3-2023 19:17:53:454507,paved,sudden-brake,0.783562891980999,-5.1484306503781125,-0.33647224415837323,-0.029062741293611263,-0.06381118206390818,-0.015128139636316996,0.5714285943331321,0.6666671399543679,0.6250001389780577,1
210,22-3-2023 19:17:53:502476,paved,sudden-brake,0.16727606701248587,-4.9313496211878505,-0.664353004263655,-0.041353491594750616,0.002565366283965864,-0.003702479472023989,0.5714285943331321,0.6666671399543679,0.6250001389780577,1
211,22-3-2023 19:17:53:550445,paved,sudden-brake,-0.37329934285447564,-4.878693609403054,-0.3437108416344345,-0.04203666778998295,0.02637964667214313,0.000124982147047468,0.5714285943331321,0.33333333333333304,0.875000169862071,1
212,22-3-2023 19:17:53:590437,paved,sudden-brake,-0.6044628783358935,-5.069250746605283,-0.35787375938809896,-0.058179834769611714,-0.017298577887482066,0.00955419597572961,0.5714285943331321,0.33333333333333304,0.875000169862071,1
213,22-3-2023 19:17:53:638422,paved,sudden-brake,-0.01677502215543014,-4.92208378369425,-0.3406573429112747,-0.09720797722180383,-0.05208288278279996,0.0015553040211058588,0.7142857429164152,0.5000002958048139,0.6250001389780577,1
214,22-3-2023 19:17:53:686417,paved,sudden-brake,0.5138273443173216,-4.62091362621234,-0.7794289268380834,-0.11557084257114486,-0.047962999434983146,-0.0067921259550111236,0.7142857429164152,0.5000002958048139,0.6250001389780577,1
215,22-3-2023 19:17:53:734409,paved,sudden-brake,0.4830755985175281,-5.4045543853700275,-0.4751574712653124,-0.09798570801328578,0.01752339186315858,-0.0010869061766079291,0.4285715659987933,0.0,0.7500004632601931,1
216,22-3-2023 19:17:53:774418,paved,sudden-brake,0.45608891173483884,-6.237192936922644,0.16875941067211575,-0.1020141708025969,-0.005740685870734685,0.00330343916759875,0.4285715659987933,0.0,0.7500004632601931,1
217,22-3-2023 19:17:53:824153,paved,sudden-brake,0.7615140038231206,-7.390986294270057,-0.8281808639150996,-0.14889158088819174,0.050441921927035366,0.004774153162045645,0.5714285943331321,0.166666489183779,0.7500004632601931,1
218,22-3-2023 19:17:53:864187,paved,sudden-brake,-0.09656861970780706,-7.497924419150571,-0.8380522811039939,-0.12074197299921226,-0.002024613215975468,-0.009610153383531023,0.5714285943331321,0.166666489183779,0.7500004632601931,1
219,22-3-2023 19:17:53:911275,paved,sudden-brake,-0.538990583446566,-7.662952473372983,-1.6816468461620273,-0.10066488445241917,-0.025062230006854713,-0.0011457815107932517,0.7142857429164152,0.6666671399543679,0.6250001389780577,1
220,22-3-2023 19:17:53:959257,paved,sudden-brake,0.4226506758268319,-7.647800682528775,-2.9187543470303456,-0.09258244919465917,-0.02538204556989239,-0.004508891354340391,0.7142857429164152,0.6666671399543679,0.6250001389780577,1
221,22-3-2023 19:17:53:999208,paved,sudden-brake,-0.08573591095114186,-7.53115449493722,-1.7579679864294226,-0.04359053966740824,0.011681180325241347,0.00817879604826837,0.8571429315826797,0.33333333333333304,0.7500004632601931,1
222,22-3-2023 19:17:54:47200,paved,sudden-brake,0.6851055809497397,-6.480160732593309,-2.0711460507790393,-0.04748864396774075,0.0023119081498333225,-0.004218882840825375,0.8571429315826797,0.33333333333333304,0.7500004632601931,1
223,22-3-2023 19:17:54:87243,paved,sudden-brake,0.5707092099821143,-6.301001218698465,-1.4775529724434584,-0.04349760012355971,0.007039044056068072,-0.01598767413340067,0.7142857429164152,0.6666671399543679,0.6250001389780577,1
224,22-3-2023 19:17:54:135187,paved,sudden-brake,0.7673264532600659,-5.11685558846267,-0.20587073029404723,-0.018068979026690322,0.00032663636244012473,-0.01621066978311662,0.7142857429164152,0.6666671399543679,0.6250001389780577,1
225,22-3-2023 19:17:54:183186,paved,sudden-brake,0.5733183796128541,-3.582889398255978,0.2600526581369372,0.005374960582598558,0.0009230545030749872,-0.01593091942400088,0.7142857429164152,0.33333333333333304,0.7500004632601931,1
226,22-3-2023 19:17:54:223182,paved,sudden-brake,-0.02757768203395128,-3.180934851461729,-0.05488738848448316,0.0075513961342952565,0.01942821056227406,-0.0023773680238220393,0.7142857429164152,0.33333333333333304,0.7500004632601931,1
227,22-3-2023 19:17:54:279181,paved,sudden-brake,-0.13142111149543476,-2.1647283954398886,0.13557927415414625,0.0038201504928074125,0.005194022369928577,0.012789135254644276,0.5714285943331321,0.5000002958048139,0.37500023163009655,1
228,22-3-2023 19:17:54:319166,paved,sudden-brake,-0.41314695828707526,-1.5593267761194947,0.747374655702387,-0.00855231532834827,-0.020770932955291015,0.012733849331396808,0.5714285943331321,0.5000002958048139,0.37500023163009655,1
229,22-3-2023 19:17:54:367161,paved,sudden-brake,0.1435151306915775,-1.1477911439686785,1.5809895849477047,-0.0007934979681217041,-0.06654399615137678,-0.001275853533954041,0.8571429315826797,0.33333333333333304,0.6250001389780577,1
230,22-3-2023 19:17:54:407187,paved,sudden-brake,-0.3395502064465394,-0.6878061339656338,1.6053635299486555,-0.023654891238050035,-0.040547486211442316,-0.006677841583084079,0.8571429315826797,0.33333333333333304,0.6250001389780577,1
231,22-3-2023 19:17:54:455185,paved,sudden-brake,-0.22068750066727022,-0.8799223948130096,0.9967436646066178,-0.049309726970729995,-0.005110482349643494,-0.00034038471743417977,0.7142857429164152,0.5000002958048139,0.7500004632601931,1
232,22-3-2023 19:17:54:503150,paved,sudden-brake,-0.2866983162208854,-1.7825575110045708,0.3731673085573881,-0.0628065019928714,0.022393815708692588,-0.0035301903599892974,0.7142857429164152,0.5000002958048139,0.7500004632601931,1
233,22-3-2023 19:17:54:543139,paved,sudden-brake,0.011050716629860569,-2.1358860269722446,-0.48526973397303563,-0.06581407468619985,-0.0009172680260629354,-0.001765122517779444,0.4285715659987933,0.33333333333333304,0.4999999382319744,1
234,22-3-2023 19:17:54:591189,paved,sudden-brake,-0.21425966879210445,-2.6586756194532164,-1.0139973625514753,-0.07758728119313901,0.005931878911847708,-0.002590985666435022,0.4285715659987933,0.33333333333333304,0.4999999382319744,1
235,22-3-2023 19:17:54:639129,paved,sudden-brake,0.09730236063377312,-2.624047854220703,-0.4760286831965377,-0.0697908385761795,-0.0017251159960667032,-0.004461673321208565,0.5714285943331321,0.5000002958048139,0.4999999382319744,1
236,22-3-2023 19:17:54:682986,paved,sudden-brake,0.018245314431488857,-2.42938916192294,-0.8406322837060349,-0.09056452658102396,0.022268559257015496,-0.0024316096176922445,0.5714285943331321,0.5000002958048139,0.4999999382319744,1
237,22-3-2023 19:17:54:728158,paved,sudden-brake,0.22316233680473246,-2.266880646692564,-1.281623396592184,-0.09733552649465856,0.020700014219948965,-0.009012825750900089,0.5714285943331321,0.5000002958048139,1.0,1
238,22-3-2023 19:17:54:768205,paved,sudden-brake,0.3646274096516766,-2.3698951549988116,-1.2304463803341084,-0.08709249185891196,-0.007403232619946392,-0.013165940162832387,0.5714285943331321,0.5000002958048139,1.0,1
239,22-3-2023 19:17:54:816217,paved,sudden-brake,0.2360777870882952,-1.9666104185406141,-0.8740196861252145,-0.05359181627040539,-0.03234988345568329,-0.008535502966648597,0.4285715659987933,0.33333333333333304,0.7500004632601931,1
240,22-3-2023 19:17:54:864286,paved,sudden-brake,-0.12768042790359863,-1.9466067726196759,-0.6220358144345455,-0.0672475611968107,0.02511266512534821,-0.001847810079544974,0.4285715659987933,0.33333333333333304,0.7500004632601931,1
241,22-3-2023 19:17:54:912266,paved,sudden-brake,0.19932571763877316,-1.782006109844567,-0.6114525216099468,-0.07359532978445184,0.008073887679170548,0.004820136688004067,0.2857143372495475,0.33333333333333304,0.875000169862071,1
242,22-3-2023 19:17:54:952215,paved,sudden-brake,0.12758347423915112,-0.8452276289705434,0.10689678758089793,-0.04176812202569114,-0.00444072470333109,0.013429288226682896,0.2857143372495475,0.33333333333333304,0.875000169862071,1
243,22-3-2023 19:17:55:48200,paved,sudden-brake,-0.02666144970949169,-0.6184018043494119,0.46169946329539463,-0.010374643472301194,-0.020513935725591015,0.007281062693626124,0.7142857429164152,0.166666489183779,0.7500004632601931,1
244,22-3-2023 19:17:55:72201,paved,sudden-brake,-0.20549009956612457,-0.30420939898758037,0.7644644043277495,-0.03151130129435068,0.016665791600878457,-0.00735322811674742,0.7142857429164152,0.166666489183779,0.7500004632601931,1
245,22-3-2023 19:17:55:88218,paved,sudden-brake,-0.5316193489693383,-0.2791144065679478,1.615073311448659,-0.014381532506387865,-0.0021974751447609887,-0.007296550415558126,0.2857143372495475,0.833333155850446,0.6250001389780577,1
246,22-3-2023 19:17:55:188058,paved,sudden-brake,-0.5308607500968439,-0.7081085115931263,1.8128848811372449,-0.020989606145785013,-0.02351336748046325,-0.0014327755634678113,0.2857143372495475,0.833333155850446,0.6250001389780577,0
247,22-3-2023 19:17:55:228117,paved,sudden-brake,-0.36230196170195067,-1.0861144988928424,0.5873544193183267,-0.05891898197302246,-0.012970407838893928,-0.0010625132577870432,0.5714285943331321,0.166666489183779,0.875000169862071,0
248,22-3-2023 19:17:55:276098,paved,sudden-brake,-0.649941445508123,-1.4970439527869726,0.19268550398925527,-0.07655031604517253,-0.004138910840756396,-0.0021787267053664464,0.5714285943331321,0.166666489183779,0.875000169862071,0
249,22-3-2023 19:17:55:316106,paved,sudden-brake,-0.39913369116754194,-2.0911917475866266,-0.19597950983396412,-0.08947940112461192,-0.024276107809798005,-0.0032608826072724976,0.7142857429164152,0.5000002958048139,0.875000169862071,0
250,22-3-2023 19:17:55:364099,paved,sudden-brake,-0.3853952962404605,-2.481726168054667,-0.6869715022652407,-0.11320415139606865,0.023757308849835866,-0.00999885997807064,0.7142857429164152,0.5000002958048139,0.875000169862071,0
251,22-3-2023 19:17:55:412053,paved,sudden-brake,-0.3574478510498184,-2.9420729846560025,-0.679728410209542,-0.11530646645135137,0.027591119681657054,-0.008714150345202232,0.4285715659987933,1.0,0.2499999073479612,0
252,22-3-2023 19:17:55:452076,paved,sudden-brake,-0.6840079099989829,-2.253386217190168,-0.7510985327353257,-0.10601763799784587,-0.013426967551124241,-0.00332479494011063,0.4285715659987933,1.0,0.2499999073479612,0
253,22-3-2023 19:17:55:508037,paved,sudden-brake,-0.5777329117438447,-2.288809902852014,-0.988000332310074,-0.1117474198755889,0.011365594904021233,-0.007009761552053524,0.2857143372495475,0.5000002958048139,0.7500004632601931,0
254,22-3-2023 19:17:55:548076,paved,sudden-brake,-0.2850293195009528,-2.0596259245027757,-0.8292454851029945,-0.08903796777411867,-0.01786118689634023,-0.007004600028546458,0.2857143372495475,0.5000002958048139,0.7500004632601931,0
255,22-3-2023 19:17:55:596067,paved,sudden-brake,-0.009606396067562195,-1.9681756917712805,-0.8032740877985728,-0.08262494650105706,-0.015762240129881994,-0.019045569210550017,0.4285715659987933,0.5000002958048139,0.6250001389780577,0
256,22-3-2023 19:17:55:636021,paved,sudden-brake,-0.3557975722549957,-2.0028087467017115,-0.4757953019433135,-0.07259584004386976,9.966982308530839e-05,-0.011567798281894807,0.4285715659987933,0.5000002958048139,0.6250001389780577,0
257,22-3-2023 19:17:55:684015,paved,sudden-brake,-0.49617502707535643,-2.0594698625335566,0.18743996151300119,-0.05472835152392382,0.006169912313311275,0.0015640550920726342,0.7142857429164152,0.5000002958048139,0.875000169862071,0
258,22-3-2023 19:17:55:732052,paved,sudden-brake,-0.6936485900755472,-1.1331719956944282,1.2519151622061624,-0.025294336795612164,-0.03477822957358273,0.00791089083480851,0.7142857429164152,0.5000002958048139,0.875000169862071,0
259,22-3-2023 19:17:55:772045,paved,sudden-brake,-0.5935780098103703,-1.220104212072135,1.3455883413527996,-0.03328964993530446,-0.005107253614805796,0.006848939626436435,0.7142857429164152,0.33333333333333304,0.6250001389780577,0
260,22-3-2023 19:17:55:820043,paved,sudden-brake,-0.38286293437420604,-1.0169793681035282,0.9833266643489849,-0.035230666243984105,-0.00670930417173978,0.0029513457628982907,0.7142857429164152,0.33333333333333304,0.6250001389780577,0
261,22-3-2023 19:17:55:868036,paved,sudden-brake,-0.10678007498587788,-0.7248526528353896,1.1317741076125443,-0.017415218003517193,-0.002326279590860878,-0.00402153263329095,0.5714285943331321,0.6666671399543679,0.6250001389780577,0
262,22-3-2023 19:17:55:908028,paved,sudden-brake,-0.07908899505872986,-0.5655263268697635,1.4729665572742572,-0.015312663173423835,0.0026298566594154015,-0.006357364791092423,0.5714285943331321,0.6666671399543679,0.6250001389780577,0
263,22-3-2023 19:17:55:956027,paved,sudden-brake,-0.06350479919070942,-0.7223275101210772,1.4242818091747096,-0.03635583876677022,-0.0017292183257602064,-0.003243537070654835,0.7142857429164152,0.33333333333333304,0.7500004632601931,0
264,22-3-2023 19:17:55:996019,paved,sudden-brake,-0.2490372430498793,-0.7329612618171367,0.8700695869369116,-0.055667768448168585,-0.02235921462292409,0.001695862539811421,0.7142857429164152,0.33333333333333304,0.7500004632601931,0
265,22-3-2023 19:17:56:44014,paved,sudden-brake,0.036478222989415776,-0.9950668422949384,0.23343186114800063,-0.07454550032902071,0.005430877062570477,0.009549078002209022,0.7142857429164152,0.5000002958048139,0.6250001389780577,0
266,22-3-2023 19:17:56:91980,paved,sudden-brake,-0.39314623617860744,-1.2731837967777095,-0.2188023858154552,-0.07667485081449216,0.012145154023979338,0.011471575171047544,0.7142857429164152,0.5000002958048139,0.6250001389780577,0
267,22-3-2023 19:17:56:139977,paved,sudden-brake,-0.4342563992423826,-1.771997151081809,-1.2008316380667239,-0.08710263214303608,0.015591105578086798,0.01016710458495617,0.7142857429164152,0.5000002958048139,1.0,0
268,22-3-2023 19:17:56:187954,paved,sudden-brake,-0.07923989640794521,-2.16017877292104,-0.9102654237350822,-0.08453895222695278,0.008860446764016733,-0.004792404841569542,0.7142857429164152,0.5000002958048139,1.0,0
269,22-3-2023 19:17:56:227941,paved,sudden-brake,-0.25032502740512996,-2.5672699865262447,-0.8092324173624776,-0.09072679003810577,0.017049693121752734,-0.014054419617918281,0.4285715659987933,0.5000002958048139,0.6250001389780577,0
270,22-3-2023 19:17:56:275940,paved,sudden-brake,0.06361652168030096,-2.841560271250232,-1.2017740377631365,-0.08650197777853469,0.010080077222958558,-0.014323470335894779,0.4285715659987933,0.5000002958048139,0.6250001389780577,0
271,22-3-2023 19:17:56:315937,paved,sudden-brake,0.017285393291974142,-2.685871998492064,-1.1925193065858255,-0.08156239189151265,0.019953714431339274,-0.0066209911801345,0.4285715659987933,0.5000002958048139,0.6250001389780577,0
272,22-3-2023 19:17:56:363938,paved,sudden-brake,0.32209736871122874,-1.910047023507765,-0.7293625818077709,-0.06254240449397058,6.445222554272989e-05,-0.0022691599905257445,0.4285715659987933,0.5000002958048139,0.6250001389780577,0
273,22-3-2023 19:17:56:411940,paved,sudden-brake,0.2073629153273402,-2.1105137489376786,-0.9669991634151294,-0.06260964764689872,0.006317571638920176,-0.0032911766929582835,0.5714285943331321,0.6666671399543679,0.7500004632601931,0
274,22-3-2023 19:17:56:451964,paved,sudden-brake,-0.14706775606071576,-2.1490886389788466,-0.42330540967500807,-0.06315186929512859,0.010876130924897769,-0.00469622907041694,0.5714285943331321,0.6666671399543679,0.7500004632601931,0
275,22-3-2023 19:17:56:499956,paved,sudden-brake,0.1706758774573024,-1.8598204457986491,-0.13590901366845354,-0.047784020237399236,-0.018538578126607946,-0.011365479826330113,0.5714285943331321,0.6666671399543679,1.0,0
276,22-3-2023 19:17:56:547927,paved,sudden-brake,-0.4207956355197807,-1.6126227908499862,-0.009803171423589885,-0.046021718685683166,0.0003027024907134822,-0.008817500626541916,0.5714285943331321,0.6666671399543679,1.0,0
277,22-3-2023 19:17:56:587910,paved,sudden-brake,-0.7205541022051866,-1.2198446390248951,0.3564300653328798,-0.03866118281912691,0.005279491891086079,0.0054958807271021995,0.4285715659987933,0.5000002958048139,0.7500004632601931,0
278,22-3-2023 19:17:56:635890,paved,sudden-brake,-0.8669255318696956,-0.9443628574546308,0.7466441235610553,-0.023286639321667225,0.013863949635020035,0.017728851644206102,0.4285715659987933,0.5000002958048139,0.7500004632601931,0
279,22-3-2023 19:17:56:675892,paved,sudden-brake,-0.4460510042024615,-0.8543376372655029,0.6673808551855593,-0.03517826340854741,0.0004210045519224097,0.014565489289372926,0.2857143372495475,0.833333155850446,1.0,0
280,22-3-2023 19:17:56:723888,paved,sudden-brake,-0.2988174326676126,-1.138283541548629,0.7255553407192981,-0.04194424139897049,0.001930316100191925,0.0009317575090239793,0.2857143372495475,0.833333155850446,1.0,0
281,22-3-2023 19:17:56:771882,paved,sudden-brake,-0.22119385196597974,-1.0922742632311606,0.7069855922185246,-0.043453875815337675,0.004463659434399849,-0.009303277459054798,0.5714285943331321,0.5000002958048139,0.7500004632601931,0
282,22-3-2023 19:17:56:819872,paved,sudden-brake,-0.10654564723538404,-0.8765330138026172,0.9889644720576216,-0.03413037969942116,-0.03641875935537393,-0.0068871051673170605,0.5714285943331321,0.5000002958048139,0.7500004632601931,0
283,22-3-2023 19:17:56:867867,paved,sudden-brake,-0.153617990110501,-0.9109848132226466,0.5480376343450469,-0.05799859350577564,-0.023053034750715212,-0.0009418299622375292,0.4285715659987933,0.6666671399543679,0.7500004632601931,0
284,22-3-2023 19:17:56:907857,paved,sudden-brake,-0.3939019818551388,-1.105530548111433,-0.1662005588649813,-0.08590792366131209,0.019225393722585686,0.01256178606169804,0.4285715659987933,0.6666671399543679,0.7500004632601931,0
285,22-3-2023 19:17:56:955848,paved,sudden-brake,-0.5219018594742977,-1.48186809384382,-0.12166576710714999,-0.08342778756340616,0.006084527585420026,0.016730887150014553,0.7142857429164152,0.33333333333333304,0.6250001389780577,0
286,22-3-2023 19:17:56:995849,paved,sudden-brake,-0.37803718004103914,-2.412682581011011,-0.5682528915882648,-0.08947228262862134,0.01692868524679863,0.005198993008102221,0.7142857429164152,0.33333333333333304,0.6250001389780577,0
287,22-3-2023 19:17:57:43842,paved,sudden-brake,-0.6045498066908905,-2.683992312005334,-0.7889862223969228,-0.09211196178653307,0.02232136617175304,-0.006102212444795767,0.4285715659987933,0.6666671399543679,0.7500004632601931,0
288,22-3-2023 19:17:57:91836,paved,sudden-brake,-0.3840465985007844,-2.861048358429872,-1.0724861642221601,-0.09926174972122614,0.01376856513417666,-0.01041932760913361,0.4285715659987933,0.6666671399543679,0.7500004632601931,0
289,22-3-2023 19:17:57:131833,paved,sudden-brake,-0.3472012241858306,-2.494790919697925,-1.5402649784138849,-0.09485586658945405,0.01703759353492317,-0.0023019760208146407,0.14285710850030167,0.33333333333333304,0.37500023163009655,0
290,22-3-2023 19:17:57:179825,paved,sudden-brake,-0.1916216418551493,-2.184529524943229,-2.180743742657362,-0.09694019189731742,0.009267239394168446,-0.0011767920441302575,0.14285710850030167,0.33333333333333304,0.37500023163009655,0
291,22-3-2023 19:17:57:227814,paved,sudden-brake,-0.058571704749137726,-1.6547973717363504,-1.9714122678338173,-0.08366935401940545,0.0547213755885209,-0.003987935109720104,0.2857143372495475,0.6666671399543679,0.6250001389780577,0
292,22-3-2023 19:17:57:267813,paved,sudden-brake,0.18063406649398067,-1.4607323282667455,-1.6495866516780677,-0.05878678016531695,0.01841321361217739,-0.012545349781889398,0.2857143372495475,0.6666671399543679,0.6250001389780577,0
293,22-3-2023 19:17:57:315807,paved,sudden-brake,0.02782828605849294,-1.6988050251563005,-1.5535519054497882,-0.07079969328594074,0.01789217013370156,-0.010806776393234664,0.5714285943331321,0.5000002958048139,0.875000169862071,0
294,22-3-2023 19:17:57:355797,paved,sudden-brake,-0.07845300618400672,-1.426791764689923,-0.8725520978880704,-0.07328591986088562,0.007339009170728467,-0.006859415198580509,0.5714285943331321,0.5000002958048139,0.875000169862071,0
295,22-3-2023 19:17:57:411790,paved,sudden-brake,-0.2497937452485484,-1.2492851825629283,-0.14804118114302023,-0.054451879550272406,-0.01135864437062745,-0.005360202546018677,0.5714285943331321,0.6666671399543679,0.6250001389780577,0
296,22-3-2023 19:17:57:451789,paved,sudden-brake,-0.402821123076863,-1.0770520233884042,0.17289152608220432,-0.05078133490057257,-0.008680222010443632,-0.006805803449156446,0.5714285943331321,0.6666671399543679,0.6250001389780577,0
297,22-3-2023 19:17:57:499783,paved,sudden-brake,-0.49058029350923144,-0.6942919208062591,0.6127459901498379,-0.04586358638154512,-0.0037471914925882883,-0.0019772836602577675,0.4285715659987933,0.6666671399543679,0.7500004632601931,0
298,22-3-2023 19:17:57:539826,paved,sudden-brake,-0.45958493931562605,-0.4597205651496703,0.9708253703429157,-0.036185873172007055,-0.014259455485879435,0.0038909688788410675,0.4285715659987933,0.6666671399543679,0.7500004632601931,0
299,22-3-2023 19:17:57:587784,paved,sudden-brake,-0.6316003786520057,-0.0819219783956035,1.1501779907329872,-0.042989102782699934,-0.00771740030421028,0.00302314920853818,0.4285715659987933,0.5000002958048139,0.7500004632601931,0
300,22-3-2023 19:17:57:635772,paved,sudden-brake,-0.4894457773563158,-0.3611278818222608,0.8573470771866052,-0.05782276614641564,-0.020831677965343336,-0.0031123486520923957,0.4285715659987933,0.5000002958048139,0.7500004632601931,0
301,22-3-2023 19:17:57:675766,paved,sudden-brake,-0.265876478145848,-0.4362860690423685,1.1319587393134238,-0.07046141434554226,-0.021133007792454323,0.001208464707157417,0.7142857429164152,0.6666671399543679,0.7500004632601931,0
302,22-3-2023 19:17:57:723760,paved,sudden-brake,-0.40123171747270786,-0.44987835200307463,0.8060538005272889,-0.05363340057950239,-0.012681814316054514,0.002124541897233332,0.7142857429164152,0.6666671399543679,0.7500004632601931,0
303,22-3-2023 19:17:57:771753,paved,sudden-brake,-0.3681400769395887,-0.9346778600412158,-0.18957964711624808,-0.07227575035934895,-0.006289501309570483,0.0034941057854793204,0.2857143372495475,0.166666489183779,0.6250001389780577,0
304,22-3-2023 19:17:57:811791,paved,sudden-brake,-0.2866702619011351,-1.4691429103683113,-0.5238383218252302,-0.08469501525712735,-0.0007060696741891335,0.004484237969710954,0.2857143372495475,0.166666489183779,0.6250001389780577,0
305,22-3-2023 19:17:57:859786,paved,sudden-brake,-0.16631298056764832,-2.007788196631215,-0.5740820134513194,-0.0911268712513291,0.028975130341248448,0.0012734028678504524,0.4285715659987933,0.5000002958048139,0.7500004632601931,0
306,22-3-2023 19:17:57:907731,paved,sudden-brake,-0.3028900791794274,-2.6664086159530163,-0.5006366489539908,-0.09424844468914022,0.022203171950106522,-0.0061776569699550175,0.4285715659987933,0.5000002958048139,0.7500004632601931,0
307,22-3-2023 19:17:57:947738,paved,sudden-brake,-0.24883943359651495,-2.811846519997272,-0.6586509983180278,-0.0913681288986336,0.016470587372744306,-0.0030064439344923235,0.8571429315826797,0.33333333333333304,0.7500004632601931,0
308,22-3-2023 19:17:57:995779,paved,sudden-brake,-0.2590260618169374,-3.1843606991009903,-0.4790594283463747,-0.08465252554468505,0.0050022347714650615,-0.0026523624485826694,0.8571429315826797,0.33333333333333304,0.7500004632601931,0
309,22-3-2023 19:17:58:43763,paved,sudden-brake,-0.2161120032097741,-2.939723754675166,-1.1325797664213044,-0.1039042928559129,0.011006564699198786,-0.0009397160956487272,0.5714285943331321,0.166666489183779,0.875000169862071,0
310,22-3-2023 19:17:58:91736,paved,sudden-brake,-0.22759355635848927,-2.8176854887218403,-1.8374526914446305,-0.11619143967494046,0.016113969766407547,-0.0016062466938316327,0.5714285943331321,0.166666489183779,0.875000169862071,0
311,22-3-2023 19:17:58:131752,paved,sudden-brake,-0.11086651518837398,-2.4187436596474097,-1.8901095475289609,-0.10961259329271893,0.018120538323400853,-0.0032460016764237487,0.5714285943331321,0.6666671399543679,0.7500004632601931,0
312,22-3-2023 19:17:58:179701,paved,sudden-brake,0.1671099855746716,-2.2221184309908217,-2.2011190187252447,-0.07878092367473233,0.01227966294959158,-0.004681095971809018,0.5714285943331321,0.6666671399543679,0.7500004632601931,0
313,22-3-2023 19:17:58:227694,paved,sudden-brake,0.230311486124115,-2.0480014031501144,-2.5928743071035223,-0.06571472430014169,0.00464890555991285,-0.005338728794798672,0.4285715659987933,0.5000002958048139,0.6250001389780577,0
314,22-3-2023 19:17:58:267699,paved,sudden-brake,-0.016430344279429493,-1.8330865749974,-1.508678245588181,-0.05058518661315556,-0.01856023562027328,-0.006444823731103968,0.4285715659987933,0.5000002958048139,0.6250001389780577,0
315,22-3-2023 19:17:58:315680,paved,sudden-brake,0.09083131346457958,-1.6231164703221108,-0.5425007178543352,-0.02989067164545612,-0.01846173821738846,-0.004335523602023451,0.7142857429164152,0.5000002958048139,0.7500004632601931,0
316,22-3-2023 19:17:58:363676,paved,sudden-brake,-0.3128812309450834,-1.4439102354876132,0.0030796937469385055,-0.03542116002764461,-0.00403294947105644,0.0025696418582386088,0.7142857429164152,0.5000002958048139,0.7500004632601931,0
317,22-3-2023 19:17:58:419666,paved,sudden-brake,-0.3551682663826568,-1.3188892960298833,0.16880382423012888,-0.04859830003257222,0.0013121538827418353,0.01338363649832017,0.7142857429164152,0.6666671399543679,0.875000169862071,0
318,22-3-2023 19:17:58:459663,paved,sudden-brake,-0.386831295758415,-0.9697897195923568,0.8668010393658726,-0.03852872031340682,0.0022804258336627274,0.012578548971817703,0.7142857429164152,0.6666671399543679,0.875000169862071,0
319,22-3-2023 19:17:58:491655,paved,sudden-brake,-0.3335215243464724,-0.7360571520844459,0.7341137001686705,-0.03274742748442457,0.006865180043764101,0.009298345825304952,0.5714285943331321,0.6666671399543679,0.7500004632601931,0
320,22-3-2023 19:17:58:539667,paved,sudden-brake,-0.32553630436558745,-0.8383469202257882,0.5955495162659394,-0.052845676160148056,0.017720476967897615,-0.00047888726712429566,0.5714285943331321,0.6666671399543679,0.7500004632601931,0
321,22-3-2023 19:17:58:587647,paved,sudden-brake,-0.24234577400558277,-1.0590508948694926,0.4418494425766419,-0.05592258878994491,0.005654779778020895,-0.008535579888686024,0.5714285943331321,0.6666671399543679,0.6250001389780577,0
322,22-3-2023 19:17:58:627661,paved,sudden-brake,-0.3853445671927727,-1.1036750007669456,-0.19014518714469236,-0.06633690923675528,-0.007978092502185282,-0.010703132642044512,0.5714285943331321,0.6666671399543679,0.6250001389780577,0
323,22-3-2023 19:17:58:675653,paved,sudden-brake,-0.4321008733674254,-1.3116300358088562,-0.8632319997118258,-0.08554948189566788,-0.0033098473860347,-0.003459736181349605,0.5714285943331321,0.33333333333333304,0.6250001389780577,0
324,22-3-2023 19:17:58:723629,paved,sudden-brake,-0.4481093441306572,-1.7896979649908258,-1.0763368327053153,-0.09401983717612827,-0.0022838977301222075,0.00534218422867247,0.5714285943331321,0.33333333333333304,0.6250001389780577,0
325,22-3-2023 19:17:58:771680,paved,sudden-brake,-0.2379674906893792,-2.14735530041677,-1.0919410946678945,-0.09076928342162432,-0.007701948927392283,0.010416101556896845,0.4285715659987933,0.5000002958048139,0.6250001389780577,0
326,22-3-2023 19:17:58:812623,paved,sudden-brake,-0.1365423882754363,-2.8626658765660773,-1.2507172218598155,-0.09619746704973259,-0.0009373861847908945,0.0025522697822126586,0.4285715659987933,0.5000002958048139,0.6250001389780577,0
327,22-3-2023 19:17:58:861577,paved,sudden-brake,-0.41660467435642995,-2.9650281277193717,-1.5992915568426598,-0.10467107743328638,0.02484200957950751,-0.0057492516121693225,0.5714285943331321,0.6666671399543679,0.6250001389780577,0
328,22-3-2023 19:17:58:901526,paved,sudden-brake,-0.4532066599735333,-2.5544257957706114,-1.5586159429777533,-0.09519815898050096,0.01863900121959451,-0.0095928523460162,0.5714285943331321,0.6666671399543679,0.6250001389780577,0
329,22-3-2023 19:17:58:949564,paved,sudden-brake,-0.21340126119282324,-2.3813893517996854,-1.1222124608882489,-0.07856309169193193,0.012968447111184344,-0.009286380109426718,0.4285715659987933,0.5000002958048139,0.6250001389780577,0
330,22-3-2023 19:17:58:997498,paved,sudden-brake,-0.23509938426119492,-2.2223663539115783,-0.9306268901104315,-0.07687474040021618,0.011872313899513508,-0.008298584846460792,0.4285715659987933,0.5000002958048139,0.6250001389780577,0
331,22-3-2023 19:17:59:37553,paved,sudden-brake,-0.262196844758202,-2.006759756098393,-0.564073276949915,-0.060897476361866945,-0.011841596591194579,0.003189882494660422,0.4285715659987933,0.33333333333333304,0.4999999382319744,0
332,22-3-2023 19:17:59:85546,paved,sudden-brake,-0.12178157382722551,-1.5513959247211317,0.1926979477618409,-0.04267127528894424,-0.0015935609059636799,0.007569728186563676,0.4285715659987933,0.33333333333333304,0.4999999382319744,0
333,22-3-2023 19:17:59:125542,paved,sudden-brake,-0.4470943633499037,-1.2013666563627952,0.5366855215510944,-0.04319037127203323,0.000977349544481411,0.0028383501673102983,0.5714285943331321,0.833333155850446,0.4999999382319744,0
334,22-3-2023 19:17:59:173522,paved,sudden-brake,-0.5982712905066241,-0.8048886968174351,0.6376229487126327,-0.04440977666606654,-0.004156716985511324,-0.0017571140626095449,0.5714285943331321,0.833333155850446,0.4999999382319744,0
335,22-3-2023 19:17:59:221473,paved,sudden-brake,-0.5509663872857112,-0.4304391635048593,0.9065891310839993,-0.03411984492530756,-0.0014849289208813897,-0.007724188865778061,1.0,0.6666671399543679,0.4999999382319744,0
336,22-3-2023 19:17:59:261514,paved,sudden-brake,-0.5501473569920913,-0.3357362555704856,0.9156400686932429,-0.03396611046188219,0.004577177323355865,-0.003347620777217436,1.0,0.6666671399543679,0.4999999382319744,0
337,22-3-2023 19:17:59:309462,paved,sudden-brake,-0.44378710724106296,-0.4579884281469956,0.6514633247200348,-0.04843303110447984,-0.005652997170405459,0.005379741568909457,0.5714285943331321,0.33333333333333304,0.7500004632601931,0
338,22-3-2023 19:17:59:357457,paved,sudden-brake,-0.4622236301841042,-0.5707157677605579,0.5856922809481595,-0.06146161241791275,-0.0036895546065268984,0.008303305191072998,0.5714285943331321,0.33333333333333304,0.7500004632601931,0
339,22-3-2023 19:17:59:405452,paved,sudden-brake,-0.4808951624927222,-0.7946482585127215,0.34185605746600545,-0.05860001146261205,-0.0013013927947380542,0.005386360590719497,0.7142857429164152,0.5000002958048139,0.7500004632601931,0
340,22-3-2023 19:17:59:445493,paved,sudden-brake,-0.6677722977761117,-1.0207391220564115,-0.13311611647961075,-0.07505581835609013,0.005134377340586728,-0.000726667441204175,0.7142857429164152,0.5000002958048139,0.7500004632601931,0
341,22-3-2023 19:17:59:493447,paved,sudden-brake,-0.5574354592591946,-1.544911894961801,-0.6502478410675768,-0.09085616632119767,0.002165303925246855,-0.004368493076052872,0.5714285943331321,0.5000002958048139,0.7500004632601931,0
342,22-3-2023 19:17:59:541436,paved,sudden-brake,-0.510947456713025,-2.197721912991772,-0.7327644824896766,-0.09916640038417801,0.007628035807538038,-0.0024003953327528366,0.5714285943331321,0.5000002958048139,0.7500004632601931,0
343,22-3-2023 19:17:59:581433,paved,sudden-brake,-0.4857841047295257,-2.3187418838689697,-1.0951848686335923,-0.1032930759477035,0.007672334238727105,0.003040993910386552,0.2857143372495475,0.5000002958048139,0.37500023163009655,0
344,22-3-2023 19:17:59:629422,paved,sudden-brake,-0.4158910109821398,-2.061528819125808,-1.6658380657639518,-0.10387656156243856,0.014804036069018608,0.007697410407876996,0.2857143372495475,0.5000002958048139,0.37500023163009655,0
345,22-3-2023 19:17:59:677412,paved,sudden-brake,-0.31891010736513603,-1.658892056572466,-1.8412785192229426,-0.08835053347719929,0.019061179075963167,0.0019959915356179735,0.4285715659987933,0.6666671399543679,0.7500004632601931,0
346,22-3-2023 19:17:59:717408,paved,sudden-brake,-0.21608802188609516,-1.5047523701223218,-1.4773069282211293,-0.06855413854372411,0.022997065802376294,-0.002393745561560582,0.4285715659987933,0.6666671399543679,0.7500004632601931,0
347,22-3-2023 19:17:59:767135,paved,sudden-brake,-0.14044215912502783,-1.4923717273313524,-1.2418015376134783,-0.07094271210393716,0.01759117925802621,-0.010771068094490898,0.7142857429164152,0.5000002958048139,0.4999999382319744,0
348,22-3-2023 19:17:59:810462,paved,sudden-brake,-0.18895172261939638,-1.449949521211325,-0.6935022894339812,-0.06331021040045029,-0.0032885870556592957,-0.01162955301224412,0.7142857429164152,0.5000002958048139,0.4999999382319744,0
349,22-3-2023 19:17:59:850444,paved,sudden-brake,-0.25593534150147157,-1.0191523295066989,0.07559810292687263,-0.048358208763915035,-0.013594188178863506,-0.004301420505004793,0.5714285943331321,0.6666671399543679,0.7500004632601931,0
350,22-3-2023 19:17:59:898479,paved,sudden-brake,-0.48165499786903354,-0.8987437522966143,0.4447992666646326,-0.04328411062461996,0.0011129372883555474,0.004706443626748863,0.5714285943331321,0.6666671399543679,0.7500004632601931,0
351,22-3-2023 19:17:59:946474,paved,sudden-brake,-0.6465013495211673,-0.7216462691030097,0.5500864737342896,-0.04012100697730486,0.00010028981426178293,0.009140447124747552,0.8571429315826797,0.33333333333333304,1.0,0
352,22-3-2023 19:17:59:986424,paved,sudden-brake,-0.7111206287548708,-0.4047740555705199,1.1174116568859294,-0.03399810498031014,0.0043912778011488095,0.007792170913810232,0.8571429315826797,0.33333333333333304,1.0,0
353,22-3-2023 19:18:0:34424,paved,sudden-brake,-0.5369110814758494,-0.5125146101434286,1.2412652649423228,-0.04274002592977763,0.005430508216535618,0.002559079597452811,0.4285715659987933,0.5000002958048139,0.6250001389780577,0
354,22-3-2023 19:18:0:82407,paved,sudden-brake,-0.3757229755177258,-0.7712065031365141,0.9415782694369927,-0.07260154816589666,0.0001797772320460628,-0.0022051176911496006,0.4285715659987933,0.5000002958048139,0.6250001389780577,0
355,22-3-2023 19:18:0:130407,paved,sudden-brake,-0.30423791624271146,-1.00918910745931,0.43762767685528725,-0.0754740794740816,-0.0022066983645161863,0.002397507068909858,0.7142857429164152,0.5000002958048139,0.6250001389780577,0
356,22-3-2023 19:18:0:171191,paved,sudden-brake,-0.18751010850385905,-1.6513719558140567,-0.30251387223317283,-0.07492619310975357,0.005910388154708415,0.006950505484830946,0.7142857429164152,0.5000002958048139,0.6250001389780577,0
357,22-3-2023 19:18:0:219183,paved,sudden-brake,-0.12425920274859792,-2.352094260820681,-0.8232491633498833,-0.08994673672445166,0.010393168135120654,0.00794436193493671,0.4285715659987933,0.5000002958048139,0.4999999382319744,0
358,22-3-2023 19:18:0:267117,paved,sudden-brake,-0.16246569272098876,-2.7556233679090725,-1.3348115486481469,-0.10679931797885192,-0.00013449233807576524,0.0038496437459038593,0.4285715659987933,0.5000002958048139,0.4999999382319744,0
359,22-3-2023 19:18:0:307173,paved,sudden-brake,-0.18826144639848008,-2.8413332084916565,-1.1044298635673628,-0.09819213390394996,-0.008150680222577996,-0.0017727938976778669,0.7142857429164152,0.6666671399543679,0.2499999073479612,0
360,22-3-2023 19:18:0:355142,paved,sudden-brake,-0.20567788293244751,-2.523575845828615,-1.5740282041452134,-0.09361593894687711,0.011013046088430284,-0.00843767896616236,0.7142857429164152,0.6666671399543679,0.2499999073479612,0
361,22-3-2023 19:18:0:395163,paved,sudden-brake,-0.1769811818118244,-2.358199101598455,-2.0435787928033613,-0.09270205515454862,0.01708670289209186,-0.009076968773120137,0.7142857429164152,0.33333333333333304,0.6250001389780577,0
362,22-3-2023 19:18:0:444510,paved,sudden-brake,-0.039350921228192975,-2.1212768281043526,-1.9171291575750584,-0.07976169454507742,0.018502700239023236,-0.0029149904331713045,0.7142857429164152,0.33333333333333304,0.6250001389780577,0
363,22-3-2023 19:18:0:492449,paved,sudden-brake,0.07224419877975506,-2.1076752191053356,-1.200724664879528,-0.06657750890929677,0.004183824289045407,0.00021188857033864516,0.7142857429164152,0.833333155850446,0.4999999382319744,0
364,22-3-2023 19:18:0:532499,paved,sudden-brake,0.03867034943735291,-1.9885713905137372,-0.5794006369507297,-0.06973047402118611,-0.0030590777774914483,0.0001966674015528977,0.7142857429164152,0.833333155850446,0.4999999382319744,0
365,22-3-2023 19:18:0:580452,paved,sudden-brake,-0.13026024282093202,-1.7260582812411303,-0.09710259518593711,-0.056661321047021554,-0.017061168921379724,-0.003173391091739293,0.7142857429164152,0.5000002958048139,0.7500004632601931,0
366,22-3-2023 19:18:0:620490,paved,sudden-brake,-0.1914129368329521,-1.2993297933184507,0.41159558613627145,-0.03720908347030201,-0.013669055479783528,-0.0058963542293290604,0.7142857429164152,0.5000002958048139,0.7500004632601931,0
367,22-3-2023 19:18:0:676422,paved,sudden-brake,-0.3789641743024997,-0.9607238871515872,0.4990201671088178,-0.036087396000257455,-0.0011798404976162986,-0.001495070736388709,0.5714285943331321,0.6666671399543679,0.7500004632601931,0
368,22-3-2023 19:18:0:716436,paved,sudden-brake,-0.5647199815526418,-0.7233562244578609,0.6435112679776608,-0.05643816242106811,-0.0053278196278842725,0.001041331213598221,0.5714285943331321,0.6666671399543679,0.7500004632601931,0
369,22-3-2023 19:18:0:764447,paved,sudden-brake,-0.42873019366614745,-0.6922192288480098,0.9545379404070846,-0.06530791747393205,-0.003400305266687863,0.005433513725847255,0.2857143372495475,0.33333333333333304,0.7500004632601931,0
370,22-3-2023 19:18:0:804425,paved,sudden-brake,-0.3369144033773965,-0.875846025030365,0.6546575650007556,-0.06185154901015232,-0.008302052254042139,0.005842154333671154,0.2857143372495475,0.33333333333333304,0.7500004632601931,0
371,22-3-2023 19:18:0:852461,paved,sudden-brake,-0.5052097021957606,-1.0692461471026966,-0.05446642801211221,-0.07429496105590112,-4.146923114702744e-05,0.003853666493021824,0.8571429315826797,0.833333155850446,0.6250001389780577,0
372,22-3-2023 19:18:0:900455,paved,sudden-brake,-0.36987909161095334,-1.6898013521276696,-0.596775457502082,-0.08626751297462515,-0.0013234336757805285,-5.199682112087302e-07,0.8571429315826797,0.833333155850446,0.6250001389780577,0
373,22-3-2023 19:18:0:940404,paved,sudden-brake,-0.37809149474652015,-2.2766339186316142,-0.7300898711032088,-0.09098738676841191,0.004479129249196031,0.00030240617434975714,0.4285715659987933,0.166666489183779,0.6250001389780577,0
374,22-3-2023 19:18:0:988390,paved,sudden-brake,-0.28094119589099875,-3.117889550665049,-1.1370142453625143,-0.09903978768493675,0.008698573895114614,0.001289678549345917,0.4285715659987933,0.166666489183779,0.6250001389780577,0
